Workbook

Sheet 综合成绩
A1: 综合成绩
A2: 课程：移动应用开发 班级：计科22选49 任课教师：刘东良 导出时间：2026-01-21 01:17:52
A3: 序号 | B3: 学生姓名 | C3: 学号/工号 | D3: 院系 | E3: 专业 | F3: 班级 | G3: 章节任务点(40%) | H3: 章节测验(20%) | I3: 作业(25%) | J3: 考试(15%) | K3: 综合成绩
A4: 1 | B4: 张梦杰 | C4: 2020211034 | D4: 计算机与信息工程学院（大学计算机教学部） | E4: 计算机科学与技术 | F4: 计科222 | G4: 40 | H4: 0 | I4: 18.37 | J4: 5.25 | K4: 63.62
A5: 2 | B5: 童其凡 | C5: 2020213700 | D5: 计算机与信息工程学院（大学计算机教学部） | E5: 计算机科学与技术 | F5: 计科222 | G5: 40 | H5: 0 | I5: 20.96 | J5: 4.5 | K5: 65.46
A6: 3 | B6: 曹安晨 | C6: 2022210331 | D6: 计算机与信息工程学院（大学计算机教学部） | E6: 计算机科学与技术 | F6: 计科221 | G6: 40 | H6: 0 | I6: 22.12 | J6: 4.5 | K6: 66.62
A7: 4 | B7: 陈晨 | C7: 2022210332 | D7: 计算机与信息工程学院（大学计算机教学部） | E7: 计算机科学与技术 | F7: 计科221 | G7: 40 | H7: 0 | I7: 23.08 | J7: 6 | K7: 69.08
A8: 5 | B8: 陈创东 | C8: 2022210333 | D8: 计算机与信息工程学院（大学计算机教学部） | E8: 计算机科学与技术 | F8: 计科221 | G8: 40 | H8: 0 | I8: 21.3 | J8: 5.25 | K8: 66.55
A9: 6 | B9: 程纪阳 | C9: 2022210334 | D9: 计算机与信息工程学院（大学计算机教学部） | E9: 计算机科学与技术 | F9: 计科221 | G9: 40 | H9: 0 | I9: 22.69 | J9: 6 | K9: 68.69
A10: 7 | B10: 程梦圆 | C10: 2022210335 | D10: 计算机与信息工程学院（大学计算机教学部） | E10: 计算机科学与技术 | F10: 计科221 | G10: 40 | H10: 0 | I10: 20.67 | J10: 5.25 | K10: 65.92
A11: 8 | B11: 邓慧茹 | C11: 2022210337 | D11: 计算机与信息工程学院（大学计算机教学部） | E11: 计算机科学与技术 | F11: 计科221 | G11: 40 | H11: 0 | I11: 21.59 | J11: 5.92 | K11: 67.51
A12: 9 | B12: 丁玉耀 | C12: 2022210338 | D12: 计算机与信息工程学院（大学计算机教学部） | E12: 计算机科学与技术 | F12: 计科221 | G12: 40 | H12: 0 | I12: 1.54 | J12: 0 | K12: 41.54
A13: 10 | B13: 范鑫蕊 | C13: 2022210339 | D13: 计算机与信息工程学院（大学计算机教学部） | E13: 计算机科学与技术 | F13: 计科221 | G13: 40 | H13: 0 | I13: 21.63 | J13: 6 | K13: 67.63
A14: 11 | B14: 高恩鹏 | C14: 2022210342 | D14: 计算机与信息工程学院（大学计算机教学部） | E14: 计算机科学与技术 | F14: 计科221 | G14: 40 | H14: 0 | I14: 21.97 | J14: 5.25 | K14: 67.22
A15: 12 | B15: 关雪艳 | C15: 2022210343 | D15: 计算机与信息工程学院（大学计算机教学部） | E15: 计算机科学与技术 | F15: 计科221 | G15: 40 | H15: 0 | I15: 22.74 | J15: 6.75 | K15: 69.49
... A53: 50 | B53: 宗梦晴 | C53: 2022210430 | D53: 计算机与信息工程学院（大学计算机教学部） | E53: 计算机科学与技术 | F53: 计科222 | G53: 40 | H53: 0 | I53: 21.01 | J53: 6 | K53: 67.01

Sheet 综合成绩（各权重项百分制得分）
A1: 综合成绩（各权重项百分制得分）
A2: 课程：移动应用开发 班级：计科22选49 任课教师：刘东良 导出时间：2026-01-21 01:17:52
A3: 序号 | B3: 学生姓名 | C3: 学号/工号 | D3: 院系 | E3: 专业 | F3: 班级 | G3: 章节任务点(100%) | H3: 章节测验(100%) | I3: 作业(100%) | J3: 考试(100%) | K3: 综合成绩
A4: 1 | B4: 张梦杰 | C4: 2020211034 | D4: 计算机与信息工程学院（大学计算机教学部） | E4: 计算机科学与技术 | F4: 计科222 | G4: 100 | H4: 0 | I4: 73.46 | J4: 35 | K4: 63.62
A5: 2 | B5: 童其凡 | C5: 2020213700 | D5: 计算机与信息工程学院（大学计算机教学部） | E5: 计算机科学与技术 | F5: 计科222 | G5: 100 | H5: 0 | I5: 83.85 | J5: 30 | K5: 65.46
A6: 3 | B6: 曹安晨 | C6: 2022210331 | D6: 计算机与信息工程学院（大学计算机教学部） | E6: 计算机科学与技术 | F6: 计科221 | G6: 100 | H6: 0 | I6: 88.46 | J6: 30 | K6: 66.62
A7: 4 | B7: 陈晨 | C7: 2022210332 | D7: 计算机与信息工程学院（大学计算机教学部） | E7: 计算机科学与技术 | F7: 计科221 | G7: 100 | H7: 0 | I7: 92.31 | J7: 40 | K7: 69.08
A8: 5 | B8: 陈创东 | C8: 2022210333 | D8: 计算机与信息工程学院（大学计算机教学部） | E8: 计算机科学与技术 | F8: 计科221 | G8: 100 | H8: 0 | I8: 85.19 | J8: 35 | K8: 66.55
A9: 6 | B9: 程纪阳 | C9: 2022210334 | D9: 计算机与信息工程学院（大学计算机教学部） | E9: 计算机科学与技术 | F9: 计科221 | G9: 100 | H9: 0 | I9: 90.77 | J9: 40 | K9: 68.69
A10: 7 | B10: 程梦圆 | C10: 2022210335 | D10: 计算机与信息工程学院（大学计算机教学部） | E10: 计算机科学与技术 | F10: 计科221 | G10: 100 | H10: 0 | I10: 82.69 | J10: 35 | K10: 65.92
A11: 8 | B11: 邓慧茹 | C11: 2022210337 | D11: 计算机与信息工程学院（大学计算机教学部） | E11: 计算机科学与技术 | F11: 计科221 | G11: 100 | H11: 0 | I11: 86.35 | J11: 39.5 | K11: 67.51
A12: 9 | B12: 丁玉耀 | C12: 2022210338 | D12: 计算机与信息工程学院（大学计算机教学部） | E12: 计算机科学与技术 | F12: 计科221 | G12: 100 | H12: 0 | I12: 6.15 | J12: 0 | K12: 41.54
A13: 10 | B13: 范鑫蕊 | C13: 2022210339 | D13: 计算机与信息工程学院（大学计算机教学部） | E13: 计算机科学与技术 | F13: 计科221 | G13: 100 | H13: 0 | I13: 86.54 | J13: 40 | K13: 67.63
A14: 11 | B14: 高恩鹏 | C14: 2022210342 | D14: 计算机与信息工程学院（大学计算机教学部） | E14: 计算机科学与技术 | F14: 计科221 | G14: 100 | H14: 0 | I14: 87.88 | J14: 35 | K14: 67.22
A15: 12 | B15: 关雪艳 | C15: 2022210343 | D15: 计算机与信息工程学院（大学计算机教学部） | E15: 计算机科学与技术 | F15: 计科221 | G15: 100 | H15: 0 | I15: 90.96 | J15: 45 | K15: 69.49
... A53: 50 | B53: 宗梦晴 | C53: 2022210430 | D53: 计算机与信息工程学院（大学计算机教学部） | E53: 计算机科学与技术 | F53: 计科222 | G53: 100 | H53: 0 | I53: 84.04 | J53: 40 | K53: 67.01

Sheet 学生学习进度详情
A1: 学生学习进度详情
A2: 课程：移动应用开发 班级：计科22选49 任课教师：刘东良 导出时间：2026-01-21 01:17:52
A3: UID | B3: 学生姓名 | C3: 学号/工号 | D3: 院系 | E3: 专业 | F3: 班级 | G3: 入学年份 | H3: 任务完成数 | I3: 任务点完成百分比 | J3: 课程视频进度 | K3: 任务点章节测验进度 | L3: 视频观看时长 | M3: 讨论数 | N3: 章节学习次数 | O3: 学习情况
A4: 152189652 | B4: 张梦杰 | C4: 2020211034 | D4: 计算机与信息工程学院（大学计算机教学部） | E4: 计算机科学与技术 | F4: 计科222 | G4: 2022 | H4: 37/37 | I4: 1 | J4: 16/16 | K4: 0/0 | L4: 88.8分钟 | M4: 0 | N4: 71 | O4: 已学习
A5: 152193210 | B5: 童其凡 | C5: 2020213700 | D5: 计算机与信息工程学院（大学计算机教学部） | E5: 计算机科学与技术 | F5: 计科222 | G5: 2022 | H5: 37/37 | I5: 1 | J5: 16/16 | K5: 0/0 | L5: 101.1分钟 | M5: 0 | N5: 96 | O5: 已学习
A6: 244269082 | B6: 曹安晨 | C6: 2022210331 | D6: 计算机与信息工程学院（大学计算机教学部） | E6: 计算机科学与技术 | F6: 计科221 | G6: 2022 | H6: 37/37 | I6: 1 | J6: 16/16 | K6: 0/0 | L6: 71.7分钟 | M6: 0 | N6: 75 | O6: 已学习
A7: 237944436 | B7: 陈晨 | C7: 2022210332 | D7: 计算机与信息工程学院（大学计算机教学部） | E7: 计算机科学与技术 | F7: 计科221 | G7: 2022 | H7: 37/37 | I7: 1 | J7: 16/16 | K7: 0/0 | L7: 82.2分钟 | M7: 0 | N7: 267 | O7: 已学习
A8: 242926355 | B8: 陈创东 | C8: 2022210333 | D8: 计算机与信息工程学院（大学计算机教学部） | E8: 计算机科学与技术 | F8: 计科221 | G8: 2022 | H8: 37/37 | I8: 1 | J8: 16/16 | K8: 0/0 | L8: 103.1分钟 | M8: 0 | N8: 72 | O8: 已学习
A9: 242927109 | B9: 程纪阳 | C9: 2022210334 | D9: 计算机与信息工程学院（大学计算机教学部） | E9: 计算机科学与技术 | F9: 计科221 | G9: 2022 | H9: 37/37 | I9: 1 | J9: 16/16 | K9: 0/0 | L9: 72.4分钟 | M9: 0 | N9: 118 | O9: 已学习
A10: 244269085 | B10: 程梦圆 | C10: 2022210335 | D10: 计算机与信息工程学院（大学计算机教学部） | E10: 计算机科学与技术 | F10: 计科221 | G10: 2022 | H10: 37/37 | I10: 1 | J10: 16/16 | K10: 0/0 | L10: 62.6分钟 | M10: 0 | N10: 94 | O10: 已学习
A11: 242896753 | B11: 邓慧茹 | C11: 2022210337 | D11: 计算机与信息工程学院（大学计算机教学部） | E11: 计算机科学与技术 | F11: 计科221 | G11: 2022 | H11: 36/37 | I11: 0.973 | J11: 16/16 | K11: 0/0 | L11: 106.0分钟 | M11: 0 | N11: 107 | O11: 已学习
A12: 244269092 | B12: 丁玉耀 | C12: 2022210338 | D12: 计算机与信息工程学院（大学计算机教学部） | E12: 计算机科学与技术 | F12: 计科221 | G12: 2022 | H12: 37/37 | I12: 1 | J12: 16/16 | K12: 0/0 | L12: 49.8分钟 | M12: 0 | N12: 22 | O12: 已学习
A13: 242938888 | B13: 范鑫蕊 | C13: 2022210339 | D13: 计算机与信息工程学院（大学计算机教学部） | E13: 计算机科学与技术 | F13: 计科221 | G13: 2022 | H13: 37/37 | I13: 1 | J13: 16/16 | K13: 0/0 | L13: 96.2分钟 | M13: 0 | N13: 135 | O13: 已学习
A14: 242926726 | B14: 高恩鹏 | C14: 2022210342 | D14: 计算机与信息工程学院（大学计算机教学部） | E14: 计算机科学与技术 | F14: 计科221 | G14: 2022 | H14: 37/37 | I14: 1 | J14: 16/16 | K14: 0/0 | L14: 100.5分钟 | M14: 0 | N14: 125 | O14: 已学习
A15: 244269102 | B15: 关雪艳 | C15: 2022210343 | D15: 计算机与信息工程学院（大学计算机教学部） | E15: 计算机科学与技术 | F15: 计科221 | G15: 2022 | H15: 37/37 | I15: 1 | J15: 16/16 | K15: 0/0 | L15: 52.3分钟 | M15: 0 | N15: 98 | O15: 已学习
... A53: 243065959 | B53: 宗梦晴 | C53: 2022210430 | D53: 计算机与信息工程学院（大学计算机教学部） | E53: 计算机科学与技术 | F53: 计科222 | G53: 2022 | H53: 37/37 | I53: 1 | J53: 16/16 | K53: 0/0 | L53: 50.4分钟 | M53: 0 | N53: 100 | O53: 已学习

Sheet 章节学习次数
A1: 章节学习次数
A2: 课程：移动应用开发 班级：计科22选49 任课教师：刘东良 导出时间：2026-01-21 01:17:52
A3: 日期 | B3: 学习页面访问次数 | C3: 时段（00-04） | D3: 时段（04-08） | E3: 时段（08-12） | F3: 时段（12-16） | G3: 时段（16-20） | H3: 时段（20-24）
A4: 2025-9-4 | B4: 375 | C4: 0 | D4: 13 | E4: 339 | F4: 3 | G4: 4 | H4: 16
A5: 2025-9-5 | B5: 49 | C5: 7 | D5: 0 | E5: 12 | F5: 28 | G5: 2 | H5: 0
A6: 2025-9-6 | B6: 10 | C6: 0 | D6: 0 | E6: 4 | F6: 2 | G6: 4 | H6: 0
A7: 2025-9-7 | B7: 47 | C7: 0 | D7: 0 | E7: 9 | F7: 5 | G7: 3 | H7: 30
A8: 2025-9-8 | B8: 94 | C8: 0 | D8: 0 | E8: 93 | F8: 0 | G8: 1 | H8: 0
A9: 2025-9-9 | B9: 30 | C9: 0 | D9: 0 | E9: 2 | F9: 0 | G9: 6 | H9: 22
A10: 2025-9-10 | B10: 395 | C10: 0 | D10: 0 | E10: 378 | F10: 10 | G10: 3 | H10: 4
A11: 2025-9-11 | B11: 192 | C11: 3 | D11: 32 | E11: 143 | F11: 3 | G11: 1 | H11: 10
A12: 2025-9-12 | B12: 66 | C12: 0 | D12: 0 | E12: 1 | F12: 1 | G12: 10 | H12: 54
A13: 2025-9-13 | B13: 196 | C13: 4 | D13: 2 | E13: 13 | F13: 43 | G13: 60 | H13: 74
A14: 2025-9-14 | B14: 144 | C14: 1 | D14: 0 | E14: 9 | F14: 63 | G14: 56 | H14: 15
A15: 2025-9-15 | B15: 67 | C15: 0 | D15: 0 | E15: 63 | F15: 1 | G15: 0 | H15: 3
... A126: 2026-1-17 | B126: 1 | C126: 0 | D126: 0 | E126: 0 | F126: 1 | G126: 0 | H126: 0

Sheet 任务点完成详情
A1: 任务点完成详情
A2: 课程：移动应用开发 班级：计科22选49 任课教师：刘东良 导出时间：2026-01-21 01:17:52
A3: 学生姓名 | B3: 学号/工号 | C3: 院系 | D3: 专业 | E3: 班级 | F3: 教学大纲 | H3: 教学进度表 | J3: 学习指导手册 | L3: 教学案例 | N3: 课程考核 | P3: 第一章 移动应用开发技术体系1 | T3: 第一章 移动应用开发技术体系2 | X3: 第二章 原生开发基础1 | AB3: 第二章 原生开发基础2 | AF3: 第三章 混合开发技术1 | AJ3: 第三章 混合开发技术2 | AN3: 第三章 混合开发技术3 | AR3: 第四章 小程序开发1 | AV3: 第四章 小程序开发2 | AZ3: 第五章 华为多端应用开发1 | BD3: 第五章 华为多端应用开发2 | BH3: 第五章 华为多端应用开发3 | BL3: 第六章 综合开发实践1 | BP3: 第六章 综合开发实践2 | BT3: 第六章 综合开发实践3 | BX3: 课程教学评价问卷 | BZ3: 课程达成度评价问卷
F4: 计科+6+《移动应用开发》+刘东良.docx | H4: 计科22+《移动应用开发》教学进度表+刘东良.doc | J4: 移动应用开发学生学习指导手册.docx | L4: 1c029654795cf1e1be5da6ed5ee4cfac.mp4 | N4: 移动应用开发综合考核方案.docx | P4: 第一章 移动应用开发技术体系1.pptx | R4: 第一章 移动应用开发技术体系1.mp4 | T4: 第一章 移动应用开发技术体系2.pptx | V4: 第一章 移动应用开发技术体系2.mp4 | X4: 第二章 原生开发基础1.pptx | Z4: 第二章 原生开发基础1.mp4 | AB4: 第二章 原生开发基础2.pptx | AD4: 第二章 原生开发基础2.mp4 | AF4: 第三章 混合开发技术1.pptx | AH4: 第三章 混合开发技术1.mp4 | AJ4: 第三章 混合开发技术2.pptx | AL4: 第三章 混合开发技术2.mp4 | AN4: 第三章 混合开发技术3.pptx | AP4: 第三章 混合开发技术3.mp4 | AR4: 第四章 小程序开发1.pptx | AT4: 第四章 小程序开发1.mp4 | AV4: 第四章 小程序开发2.pptx | AX4: 第四章 小程序开发2.mp4 | AZ4: 第五章 华为多端应用开发1.pptx | BB4: 第五章 华为多端应用开发1.mp4 | BD4: 第五章 华为多端应用开发2.pptx | BF4: 第五章 华为多端应用开发2(1).mp4 | BH4: 第五章 华为多端应用开发3.pptx | BJ4: 第五章 华为多端应用开发3.mp4 | BL4: 第六章 综合开发实践1.pptx | BN4: 第六章 综合开发实践1.mp4 | BP4: 第六章 综合开发实践2.pptx | BR4: 第六章 综合开发实践2.mp4 | BT4: 第六章 综合开发实践3.pptx | BV4: 第六章 综合开发实践3.mp4 | BX4: 课程学后调查 | BZ4: 课程目标支撑毕业要求达成度调查问卷
F5: 状态 | G5: 完成时间 | H5: 状态 | I5: 完成时间 | J5: 状态 | K5: 完成时间 | L5: 状态 | M5: 完成时间 | N5: 状态 | O5: 完成时间 | P5: 状态 | Q5: 完成时间 | R5: 状态 | S5: 完成时间 | T5: 状态 | U5: 完成时间 | V5: 状态 | W5: 完成时间 | X5: 状态 | Y5: 完成时间 | Z5: 状态 | AA5: 完成时间 | AB5: 状态 | AC5: 完成时间 | AD5: 状态 | AE5: 完成时间 | AF5: 状态 | AG5: 完成时间 | AH5: 状态 | AI5: 完成时间 | AJ5: 状态 | AK5: 完成时间 | AL5: 状态 | AM5: 完成时间 | AN5: 状态 | AO5: 完成时间 | AP5: 状态 | AQ5: 完成时间 | AR5: 状态 | AS5: 完成时间 | AT5: 状态 | AU5: 完成时间 | AV5: 状态 | AW5: 完成时间 | AX5: 状态 | AY5: 完成时间 | AZ5: 状态 | BA5: 完成时间 | BB5: 状态 | BC5: 完成时间 | BD5: 状态 | BE5: 完成时间 | BF5: 状态 | BG5: 完成时间 | BH5: 状态 | BI5: 完成时间 | BJ5: 状态 | BK5: 完成时间 | BL5: 状态 | BM5: 完成时间 | BN5: 状态 | BO5: 完成时间 | BP5: 状态 | BQ5: 完成时间 | BR5: 状态 | BS5: 完成时间 | BT5: 状态 | BU5: 完成时间 | BV5: 状态 | BW5: 完成时间 | BX5: 状态 | BY5: 完成时间 | BZ5: 状态 | CA5: 完成时间
A6: 张梦杰 | B6: 2020211034 | C6: 计算机与信息工程学院（大学计算机教学部） | D6: 计算机科学与技术 | E6: 计科222 | F6: 已完成 | G6: 2025-09-12 21:37 | H6: 已完成 | I6: 2025-09-12 21:38 | J6: 已完成 | K6: 2025-09-12 21:38 | L6: 已完成 | M6: 2025-09-12 21:50 | N6: 已完成 | O6: 2025-09-12 21:50 | P6: 已完成 | Q6: 2025-09-12 23:19 | R6: 已完成 | S6: 2025-09-12 23:25 | T6: 已完成 | U6: 2025-09-12 23:26 | V6: 已完成 | W6: 2025-09-12 23:31 | X6: 已完成 | Y6: 2025-09-27 17:20 | Z6: 已完成 | AA6: 2025-09-27 17:30 | AB6: 已完成 | AC6: 2025-09-27 17:42 | AD6: 已完成 | AE6: 2025-09-27 17:47 | AF6: 已完成 | AG6: 2025-09-27 17:52 | AH6: 已完成 | AI6: 2025-09-27 17:58 | AJ6: 已完成 | AK6: 2025-09-27 18:00 | AL6: 已完成 | AM6: 2025-09-27 18:05 | AN6: 已完成 | AO6: 2025-09-27 18:06 | AP6: 已完成 | AQ6: 2025-09-27 18:10 | AR6: 已完成 | AS6: 2025-09-27 18:13 | AT6: 已完成 | AU6: 2025-09-27 18:19 | AV6: 已完成 | AW6: 2025-10-25 20:39 | AX6: 已完成 | AY6: 2025-10-25 20:44 | AZ6: 已完成 | BA6: 2025-10-25 20:45 | BB6: 已完成 | BC6: 2025-10-25 20:51 | BD6: 已完成 | BE6: 2025-10-25 21:30 | BF6: 已完成 | BG6: 2025-10-25 21:35 | BH6: 已完成 | BI6: 2025-10-25 21:48 | BJ6: 已完成 | BK6: 2025-10-25 21:51 | BL6: 已完成 | BM6: 2026-01-01 23:40 | BN6: 已完成 | BO6: 2026-01-01 23:44 | BP6: 已完成 | BQ6: 2026-01-01 23:45 | BR6: 已完成 | BS6: 2026-01-01 23:50 | BT6: 已完成 | BU6: 2026-01-01 23:51 | BV6: 已完成 | BW6: 2026-01-01 23:56 | BX6: 已完成 | BY6: 2026-01-01 23:57 | BZ6: 已完成 | CA6: 2026-01-15 18:56
A7: 童其凡 | B7: 2020213700 | C7: 计算机与信息工程学院（大学计算机教学部） | D7: 计算机科学与技术 | E7: 计科222 | F7: 已完成 | G7: 2025-09-04 08:08 | H7: 已完成 | I7: 2025-09-04 08:09 | J7: 已完成 | K7: 2025-09-04 08:09 | L7: 已完成 | M7: 2025-09-07 20:50 | N7: 已完成 | O7: 2025-09-04 08:09 | P7: 已完成 | Q7: 2025-09-09 09:08 | R7: 已完成 | S7: 2025-09-07 20:58 | T7: 已完成 | U7: 2025-09-09 09:08 | V7: 已完成 | W7: 2025-09-09 09:14 | X7: 已完成 | Y7: 2025-09-13 16:36 | Z7: 已完成 | AA7: 2025-09-13 16:46 | AB7: 已完成 | AC7: 2025-09-18 07:57 | AD7: 已完成 | AE7: 2025-09-18 08:02 | AF7: 已完成 | AG7: 2025-09-18 08:05 | AH7: 已完成 | AI7: 2025-09-18 08:11 | AJ7: 已完成 | AK7: 2025-09-18 08:14 | AL7: 已完成 | AM7: 2025-09-18 08:20 | AN7: 已完成 | AO7: 2025-09-18 08:24 | AP7: 已完成 | AQ7: 2025-09-18 08:57 | AR7: 已完成 | AS7: 2025-09-28 10:08 | AT7: 已完成 | AU7: 2025-09-28 10:12 | AV7: 已完成 | AW7: 2025-09-28 10:18 | AX7: 已完成 | AY7: 2025-09-28 10:23 | AZ7: 已完成 | BA7: 2025-09-28 10:25 | BB7: 已完成 | BC7: 2025-09-28 10:30 | BD7: 已完成 | BE7: 2025-10-09 08:20 | BF7: 已完成 | BG7: 2025-10-23 08:08 | BH7: 已完成 | BI7: 2025-10-09 08:28 | BJ7: 已完成 | BK7: 2025-10-09 08:32 | BL7: 已完成 | BM7: 2025-10-23 08:09 | BN7: 已完成 | BO7: 2025-10-23 08:13 | BP7: 已完成 | BQ7: 2025-10-23 08:15 | BR7: 已完成 | BS7: 2025-10-23 08:19 | BT7: 已完成 | BU7: 2025-10-23 08:21 | BV7: 已完成 | BW7: 2025-10-23 08:26 | BX7: 已完成 | BY7: 2026-01-09 19:16 | BZ7: 已完成 | CA7: 2026-01-15 17:37
A8: 曹安晨 | B8: 2022210331 | C8: 计算机与信息工程学院（大学计算机教学部） | D8: 计算机科学与技术 | E8: 计科221 | F8: 已完成 | G8: 2025-09-04 08:08 | H8: 已完成 | I8: 2025-09-04 08:08 | J8: 已完成 | K8: 2025-09-04 08:12 | L8: 已完成 | M8: 2025-09-18 08:49 | N8: 已完成 | O8: 2025-09-04 08:13 | P8: 已完成 | Q8: 2025-09-04 08:08 | R8: 已完成 | S8: 2025-09-18 08:54 | T8: 已完成 | U8: 2025-09-18 08:54 | V8: 已完成 | W8: 2025-09-18 08:58 | X8: 已完成 | Y8: 2025-09-22 10:04 | Z8: 已完成 | AA8: 2025-09-22 10:15 | AB8: 已完成 | AC8: 2025-09-22 10:22 | AD8: 已完成 | AE8: 2025-09-22 10:26 | AF8: 已完成 | AG8: 2025-09-22 10:29 | AH8: 已完成 | AI8: 2025-09-22 10:35 | AJ8: 已完成 | AK8: 2025-09-22 10:38 | AL8: 已完成 | AM8: 2025-09-22 10:44 | AN8: 已完成 | AO8: 2025-10-04 19:04 | AP8: 已完成 | AQ8: 2025-10-04 19:09 | AR8: 已完成 | AS8: 2025-10-04 19:58 | AT8: 已完成 | AU8: 2025-10-04 20:04 | AV8: 已完成 | AW8: 2025-10-04 20:15 | AX8: 已完成 | AY8: 2025-10-04 20:21 | AZ8: 已完成 | BA8: 2025-10-04 20:27 | BB8: 已完成 | BC8: 2025-10-04 20:30 | BD8: 已完成 | BE8: 2025-10-04 20:35 | BF8: 已完成 | BG8: 2025-10-23 08:08 | BH8: 已完成 | BI8: 2025-10-04 20:55 | BJ8: 已完成 | BK8: 2025-10-04 20:57 | BL8: 已完成 | BM8: 2025-10-04 21:14 | BN8: 已完成 | BO8: 2025-10-04 21:16 | BP8: 已完成 | BQ8: 2025-10-04 21:17 | BR8: 已完成 | BS8: 2025-10-04 21:19 | BT8: 已完成 | BU8: 2025-10-04 21:20 | BV8: 已完成 | BW8: 2025-10-04 21:22 | BX8: 已完成 | BY8: 2026-01-09 19:16 | BZ8: 已完成 | CA8: 2026-01-15 17:33
A9: 陈晨 | B9: 2022210332 | C9: 计算机与信息工程学院（大学计算机教学部） | D9: 计算机科学与技术 | E9: 计科221 | F9: 已完成 | G9: 2025-09-04 10:51 | H9: 已完成 | I9: 2025-09-04 10:51 | J9: 已完成 | K9: 2025-09-04 23:45 | L9: 已完成 | M9: 2025-09-05 14:48 | N9: 已完成 | O9: 2025-09-05 14:49 | P9: 已完成 | Q9: 2025-09-05 14:52 | R9: 已完成 | S9: 2025-09-05 15:19 | T9: 已完成 | U9: 2025-09-05 15:37 | V9: 已完成 | W9: 2025-09-05 15:41 | X9: 已完成 | Y9: 2025-09-11 08:08 | Z9: 已完成 | AA9: 2025-09-11 08:18 | AB9: 已完成 | AC9: 2025-09-13 09:00 | AD9: 已完成 | AE9: 2025-09-13 09:03 | AF9: 已完成 | AG9: 2025-09-13 09:05 | AH9: 已完成 | AI9: 2025-09-13 09:09 | AJ9: 已完成 | AK9: 2025-09-18 08:33 | AL9: 已完成 | AM9: 2025-09-18 08:38 | AN9: 已完成 | AO9: 2025-09-18 08:45 | AP9: 已完成 | AQ9: 2025-09-18 08:51 | AR9: 已完成 | AS9: 2025-09-18 08:59 | AT9: 已完成 | AU9: 2025-09-18 09:04 | AV9: 已完成 | AW9: 2025-09-18 09:09 | AX9: 已完成 | AY9: 2025-09-18 09:32 | AZ9: 已完成 | BA9: 2025-09-24 10:46 | BB9: 已完成 | BC9: 2025-09-25 08:24 | BD9: 已完成 | BE9: 2025-09-25 08:25 | BF9: 已完成 | BG9: 2025-10-13 21:03 | BH9: 已完成 | BI9: 2025-09-25 08:30 | BJ9: 已完成 | BK9: 2025-09-25 08:34 | BL9: 已完成 | BM9: 2025-09-25 08:39 | BN9: 已完成 | BO9: 2025-09-25 08:43 | BP9: 已完成 | BQ9: 2025-09-25 08:50 | BR9: 已完成 | BS9: 2025-09-25 09:02 | BT9: 已完成 | BU9: 2025-09-25 09:04 | BV9: 已完成 | BW9: 2025-09-25 09:09 | BX9: 已完成 | BY9: 2025-12-31 19:28 | BZ9: 已完成 | CA9: 2026-01-15 17:39
A10: 陈创东 | B10: 2022210333 | C10: 计算机与信息工程学院（大学计算机教学部） | D10: 计算机科学与技术 | E10: 计科221 | F10: 已完成 | G10: 2025-09-04 08:10 | H10: 已完成 | I10: 2025-09-04 08:10 | J10: 已完成 | K10: 2025-09-04 08:10 | L10: 已完成 | M10: 2025-09-09 22:18 | N10: 已完成 | O10: 2025-09-09 22:20 | P10: 已完成 | Q10: 2025-09-09 22:20 | R10: 已完成 | S10: 2025-09-04 09:10 | T10: 已完成 | U10: 2025-09-18 08:27 | V10: 已完成 | W10: 2025-09-04 09:25 | X10: 已完成 | Y10: 2025-09-27 17:40 | Z10: 已完成 | AA10: 2025-09-27 17:53 | AB10: 已完成 | AC10: 2025-09-27 18:02 | AD10: 已完成 | AE10: 2025-09-27 18:04 | AF10: 已完成 | AG10: 2025-10-08 18:42 | AH10: 已完成 | AI10: 2025-10-13 10:41 | AJ10: 已完成 | AK10: 2025-10-13 10:43 | AL10: 已完成 | AM10: 2025-10-13 10:53 | AN10: 已完成 | AO10: 2025-10-14 17:08 | AP10: 已完成 | AQ10: 2025-10-13 10:59 | AR10: 已完成 | AS10: 2025-10-14 17:08 | AT10: 已完成 | AU10: 2025-10-14 17:13 | AV10: 已完成 | AW10: 2025-10-14 17:13 | AX10: 已完成 | AY10: 2025-10-14 17:17 | AZ10: 已完成 | BA10: 2025-10-14 17:18 | BB10: 已完成 | BC10: 2025-10-23 08:09 | BD10: 已完成 | BE10: 2025-10-23 08:11 | BF10: 已完成 | BG10: 2025-10-23 08:19 | BH10: 已完成 | BI10: 2025-10-23 08:20 | BJ10: 已完成 | BK10: 2025-10-23 08:24 | BL10: 已完成 | BM10: 2025-10-23 08:24 | BN10: 已完成 | BO10: 2025-10-23 08:27 | BP10: 已完成 | BQ10: 2025-10-23 08:28 | BR10: 已完成 | BS10: 2025-10-23 08:32 | BT10: 已完成 | BU10: 2025-10-23 08:33 | BV10: 已完成 | BW10: 2025-10-23 08:37 | BX10: 已完成 | BY10: 2025-12-31 19:32 | BZ10: 已完成 | CA10: 2026-01-15 17:46
A11: 程纪阳 | B11: 2022210334 | C11: 计算机与信息工程学院（大学计算机教学部） | D11: 计算机科学与技术 | E11: 计科221 | F11: 已完成 | G11: 2025-09-04 08:09 | H11: 已完成 | I11: 2025-09-04 08:09 | J11: 已完成 | K11: 2025-09-04 08:09 | L11: 已完成 | M11: 2025-09-04 08:13 | N11: 已完成 | O11: 2025-09-04 08:13 | P11: 已完成 | Q11: 2025-09-08 10:13 | R11: 已完成 | S11: 2025-09-27 17:22 | T11: 已完成 | U11: 2025-09-27 17:23 | V11: 已完成 | W11: 2025-09-27 17:27 | X11: 已完成 | Y11: 2025-09-27 17:27 | Z11: 已完成 | AA11: 2025-09-27 17:35 | AB11: 已完成 | AC11: 2025-09-27 17:40 | AD11: 已完成 | AE11: 2025-09-27 17:43 | AF11: 已完成 | AG11: 2025-09-27 17:43 | AH11: 已完成 | AI11: 2025-09-27 17:47 | AJ11: 已完成 | AK11: 2025-09-27 17:47 | AL11: 已完成 | AM11: 2025-09-27 17:51 | AN11: 已完成 | AO11: 2025-09-27 17:52 | AP11: 已完成 | AQ11: 2025-09-27 17:55 | AR11: 已完成 | AS11: 2025-10-09 07:58 | AT11: 已完成 | AU11: 2025-11-21 12:37 | AV11: 已完成 | AW11: 2025-11-21 12:39 | AX11: 已完成 | AY11: 2025-11-21 12:45 | AZ11: 已完成 | BA11: 2025-11-21 12:49 | BB11: 已完成 | BC11: 2025-11-21 12:56 | BD11: 已完成 | BE11: 2025-11-21 13:20 | BF11: 已完成 | BG11: 2025-11-21 13:25 | BH11: 已完成 | BI11: 2025-11-21 13:31 | BJ11: 已完成 | BK11: 2025-11-21 13:34 | BL11: 已完成 | BM11: 2025-11-21 13:36 | BN11: 已完成 | BO11: 2025-11-21 13:39 | BP11: 已完成 | BQ11: 2025-11-21 13:41 | BR11: 已完成 | BS11: 2025-11-21 13:44 | BT11: 已完成 | BU11: 2025-11-21 13:45 | BV11: 已完成 | BW11: 2025-11-21 13:49 | BX11: 已完成 | BY11: 2025-12-31 19:31 | BZ11: 已完成 | CA11: 2026-01-15 17:42
A12: 程梦圆 | B12: 2022210335 | C12: 计算机与信息工程学院（大学计算机教学部） | D12: 计算机科学与技术 | E12: 计科221 | F12: 已完成 | G12: 2025-09-28 07:11 | H12: 已完成 | I12: 2025-09-28 07:11 | J12: 已完成 | K12: 2025-09-28 07:11 | L12: 已完成 | M12: 2025-09-28 07:58 | N12: 已完成 | O12: 2025-09-28 07:58 | P12: 已完成 | Q12: 2025-09-28 08:00 | R12: 已完成 | S12: 2025-09-28 08:16 | T12: 已完成 | U12: 2025-09-28 08:23 | V12: 已完成 | W12: 2025-09-28 10:07 | X12: 已完成 | Y12: 2025-09-28 10:25 | Z12: 已完成 | AA12: 2025-09-28 10:17 | AB12: 已完成 | AC12: 2025-09-28 10:25 | AD12: 已完成 | AE12: 2025-09-28 10:28 | AF12: 已完成 | AG12: 2025-09-28 10:29 | AH12: 已完成 | AI12: 2025-09-28 10:33 | AJ12: 已完成 | AK12: 2025-09-28 10:40 | AL12: 已完成 | AM12: 2025-09-28 10:38 | AN12: 已完成 | AO12: 2025-09-28 10:40 | AP12: 已完成 | AQ12: 2025-09-28 10:43 | AR12: 已完成 | AS12: 2025-09-28 10:46 | AT12: 已完成 | AU12: 2025-09-28 10:49 | AV12: 已完成 | AW12: 2025-09-28 10:54 | AX12: 已完成 | AY12: 2025-09-28 10:58 | AZ12: 已完成 | BA12: 2025-09-28 11:13 | BB12: 已完成 | BC12: 2025-09-28 11:17 | BD12: 已完成 | BE12: 2025-09-28 11:18 | BF12: 已完成 | BG12: 2025-11-19 21:03 | BH12: 已完成 | BI12: 2025-09-28 11:23 | BJ12: 已完成 | BK12: 2025-09-28 11:25 | BL12: 已完成 | BM12: 2025-09-28 11:34 | BN12: 已完成 | BO12: 2025-09-28 11:46 | BP12: 已完成 | BQ12: 2025-09-28 11:47 | BR12: 已完成 | BS12: 2025-09-28 11:49 | BT12: 已完成 | BU12: 2025-09-28 11:50 | BV12: 已完成 | BW12: 2025-09-28 11:52 | BX12: 已完成 | BY12: 2026-01-09 19:22 | BZ12: 已完成 | CA12: 2026-01-15 17:41
A13: 邓慧茹 | B13: 2022210337 | C13: 计算机与信息工程学院（大学计算机教学部） | D13: 计算机科学与技术 | E13: 计科221 | F13: 已完成 | G13: 2025-09-04 08:09 | H13: 已完成 | I13: 2025-09-10 10:30 | J13: 已完成 | K13: 2025-09-10 10:30 | L13: 已完成 | M13: 2025-09-04 08:17 | N13: 已完成 | O13: 2025-09-10 10:30 | P13: 已完成 | Q13: 2025-09-10 10:40 | R13: 已完成 | S13: 2025-09-18 08:04 | T13: 已完成 | U13: 2025-09-18 08:06 | V13: 已完成 | W13: 2025-09-18 08:13 | X13: 已完成 | Y13: 2025-09-18 08:14 | Z13: 已完成 | AA13: 2025-09-28 10:18 | AB13: 已完成 | AC13: 2025-09-28 10:27 | AD13: 已完成 | AE13: 2025-09-28 10:31 | AF13: 已完成 | AG13: 2025-09-28 10:50 | AH13: 已完成 | AI13: 2025-09-28 10:57 | AJ13: 已完成 | AK13: 2025-09-28 11:07 | AL13: 已完成 | AM13: 2025-09-28 11:13 | AN13: 已完成 | AO13: 2025-09-28 11:26 | AP13: 已完成 | AQ13: 2025-09-28 11:31 | AR13: 已完成 | AS13: 2025-09-28 11:35 | AT13: 已完成 | AU13: 2025-09-28 11:41 | AV13: 已完成 | AW13: 2025-09-29 10:33 | AX13: 已完成 | AY13: 2025-09-29 10:40 | AZ13: 已完成 | BA13: 2025-10-09 08:15 | BB13: 已完成 | BC13: 2025-10-09 08:22 | BD13: 已完成 | BE13: 2025-10-09 08:30 | BF13: 已完成 | BG13: 2025-10-23 08:10 | BH13: 已完成 | BI13: 2025-10-09 08:44 | BJ13: 已完成 | BK13: 2025-10-09 08:48 | BL13: 已完成 | BM13: 2025-10-09 08:51 | BN13: 已完成 | BO13: 2025-10-09 08:55 | BP13: 已完成 | BQ13: 2025-10-09 09:06 | BR13: 已完成 | BS13: 2025-10-09 09:11 | BT13: 已完成 | BU13: 2025-10-09 09:18 | BV13: 已完成 | BW13: 2025-10-23 08:20 | BX13: 已完成 | BY13: 2026-01-09 20:27 | BZ13: 未完成
A14: 丁玉耀 | B14: 2022210338 | C14: 计算机与信息工程学院（大学计算机教学部） | D14: 计算机科学与技术 | E14: 计科221 | F14: 已完成 | G14: 2026-01-10 11:01 | H14: 已完成 | I14: 2026-01-10 11:01 | J14: 已完成 | K14: 2026-01-10 11:02 | L14: 已完成 | M14: 2026-01-10 11:06 | N14: 已完成 | O14: 2026-01-10 11:06 | P14: 已完成 | Q14: 2026-01-10 11:06 | R14: 已完成 | S14: 2026-01-10 11:09 | T14: 已完成 | U14: 2026-01-10 11:10 | V14: 已完成 | W14: 2026-01-10 11:13 | X14: 已完成 | Y14: 2026-01-10 11:15 | Z14: 已完成 | AA14: 2026-01-10 11:24 | AB14: 已完成 | AC14: 2026-01-10 11:25 | AD14: 已完成 | AE14: 2026-01-10 11:27 | AF14: 已完成 | AG14: 2026-01-10 11:28 | AH14: 已完成 | AI14: 2026-01-10 11:31 | AJ14: 已完成 | AK14: 2026-01-10 11:31 | AL14: 已完成 | AM14: 2026-01-10 11:34 | AN14: 已完成 | AO14: 2026-01-10 11:34 | AP14: 已完成 | AQ14: 2026-01-10 11:36 | AR14: 已完成 | AS14: 2026-01-10 11:37 | AT14: 已完成 | AU14: 2026-01-10 11:40 | AV14: 已完成 | AW14: 2026-01-10 11:40 | AX14: 已完成 | AY14: 2026-01-10 11:43 | AZ14: 已完成 | BA14: 2026-01-10 11:43 | BB14: 已完成 | BC14: 2026-01-10 11:47 | BD14: 已完成 | BE14: 2026-01-10 11:48 | BF14: 已完成 | BG14: 2026-01-10 11:50 | BH14: 已完成 | BI14: 2026-01-10 11:50 | BJ14: 已完成 | BK14: 2026-01-10 11:52 | BL14: 已完成 | BM14: 2026-01-10 11:54 | BN14: 已完成 | BO14: 2026-01-10 11:56 | BP14: 已完成 | BQ14: 2026-01-10 11:57 | BR14: 已完成 | BS14: 2026-01-10 11:59 | BT14: 已完成 | BU14: 2026-01-10 12:00 | BV14: 已完成 | BW14: 2026-01-10 12:02 | BX14: 已完成 | BY14: 2026-01-10 12:03 | BZ14: 已完成 | CA14: 2026-01-15 18:15
A15: 范鑫蕊 | B15: 2022210339 | C15: 计算机与信息工程学院（大学计算机教学部） | D15: 计算机科学与技术 | E15: 计科221 | F15: 已完成 | G15: 2025-09-07 22:16 | H15: 已完成 | I15: 2025-09-07 22:16 | J15: 已完成 | K15: 2025-09-07 22:17 | L15: 已完成 | M15: 2025-09-08 09:58 | N15: 已完成 | O15: 2025-09-08 09:59 | P15: 已完成 | Q15: 2025-09-08 10:01 | R15: 已完成 | S15: 2025-09-10 10:54 | T15: 已完成 | U15: 2025-09-10 10:54 | V15: 已完成 | W15: 2025-09-11 08:13 | X15: 已完成 | Y15: 2025-09-11 08:15 | Z15: 已完成 | AA15: 2025-09-18 08:07 | AB15: 已完成 | AC15: 2025-09-18 08:10 | AD15: 已完成 | AE15: 2025-09-18 08:14 | AF15: 已完成 | AG15: 2025-09-18 09:31 | AH15: 已完成 | AI15: 2025-09-18 09:37 | AJ15: 已完成 | AK15: 2025-09-18 09:38 | AL15: 已完成 | AM15: 2025-09-24 08:25 | AN15: 已完成 | AO15: 2025-09-24 08:26 | AP15: 已完成 | AQ15: 2025-09-24 08:33 | AR15: 已完成 | AS15: 2025-09-24 08:34 | AT15: 已完成 | AU15: 2025-09-24 08:40 | AV15: 已完成 | AW15: 2025-09-24 09:20 | AX15: 已完成 | AY15: 2025-09-28 10:03 | AZ15: 已完成 | BA15: 2025-09-28 10:13 | BB15: 已完成 | BC15: 2025-09-28 10:20 | BD15: 已完成 | BE15: 2025-09-28 10:21 | BF15: 已完成 | BG15: 2025-10-22 11:37 | BH15: 已完成 | BI15: 2025-09-28 10:26 | BJ15: 已完成 | BK15: 2025-10-09 08:20 | BL15: 已完成 | BM15: 2025-10-13 09:59 | BN15: 已完成 | BO15: 2025-10-09 08:27 | BP15: 已完成 | BQ15: 2025-10-13 10:00 | BR15: 已完成 | BS15: 2025-10-13 10:04 | BT15: 已完成 | BU15: 2025-10-13 10:10 | BV15: 已完成 | BW15: 2025-10-13 10:14 | BX15: 已完成 | BY15: 2026-01-16 14:06 | BZ15: 已完成 | CA15: 2026-01-16 14:06
A16: 高恩鹏 | B16: 2022210342 | C16: 计算机与信息工程学院（大学计算机教学部） | D16: 计算机科学与技术 | E16: 计科221 | F16: 已完成 | G16: 2025-09-04 08:16 | H16: 已完成 | I16: 2025-09-04 08:17 | J16: 已完成 | K16: 2025-09-04 08:24 | L16: 已完成 | M16: 2025-09-10 11:03 | N16: 已完成 | O16: 2025-09-04 10:49 | P16: 已完成 | Q16: 2025-09-10 11:03 | R16: 已完成 | S16: 2025-09-27 17:37 | T16: 已完成 | U16: 2025-09-27 18:26 | V16: 已完成 | W16: 2025-09-27 18:32 | X16: 已完成 | Y16: 2025-09-27 18:43 | Z16: 已完成 | AA16: 2025-09-27 19:01 | AB16: 已完成 | AC16: 2025-09-28 10:34 | AD16: 已完成 | AE16: 2025-11-10 18:06 | AF16: 已完成 | AG16: 2025-09-04 08:23 | AH16: 已完成 | AI16: 2025-11-10 18:13 | AJ16: 已完成 | AK16: 2025-11-10 18:17 | AL16: 已完成 | AM16: 2025-11-10 18:22 | AN16: 已完成 | AO16: 2025-11-10 18:22 | AP16: 已完成 | AQ16: 2025-11-10 18:27 | AR16: 已完成 | AS16: 2025-09-04 10:49 | AT16: 已完成 | AU16: 2025-11-10 18:34 | AV16: 已完成 | AW16: 2025-11-10 18:34 | AX16: 已完成 | AY16: 2025-11-10 18:40 | AZ16: 已完成 | BA16: 2025-11-10 18:50 | BB16: 已完成 | BC16: 2025-11-10 18:56 | BD16: 已完成 | BE16: 2025-11-10 19:05 | BF16: 已完成 | BG16: 2025-11-10 19:03 | BH16: 已完成 | BI16: 2025-11-10 19:05 | BJ16: 已完成 | BK16: 2025-11-10 19:08 | BL16: 已完成 | BM16: 2025-11-10 19:17 | BN16: 已完成 | BO16: 2025-11-10 19:32 | BP16: 已完成 | BQ16: 2025-11-10 19:37 | BR16: 已完成 | BS16: 2025-11-10 19:41 | BT16: 已完成 | BU16: 2025-11-10 19:43 | BV16: 已完成 | BW16: 2025-11-10 19:48 | BX16: 已完成 | BY16: 2026-01-01 11:03 | BZ16: 已完成 | CA16: 2026-01-15 17:33
A17: 关雪艳 | B17: 2022210343 | C17: 计算机与信息工程学院（大学计算机教学部） | D17: 计算机科学与技术 | E17: 计科221 | F17: 已完成 | G17: 2025-09-04 08:17 | H17: 已完成 | I17: 2025-09-04 08:17 | J17: 已完成 | K17: 2025-09-04 08:17 | L17: 已完成 | M17: 2025-09-04 08:22 | N17: 已完成 | O17: 2025-09-04 08:28 | P17: 已完成 | Q17: 2025-09-10 10:17 | R17: 已完成 | S17: 2025-09-10 10:21 | T17: 已完成 | U17: 2025-09-18 08:05 | V17: 已完成 | W17: 2025-09-18 08:12 | X17: 已完成 | Y17: 2025-09-18 08:15 | Z17: 已完成 | AA17: 2025-09-18 08:21 | AB17: 已完成 | AC17: 2025-09-18 08:21 | AD17: 已完成 | AE17: 2025-09-18 08:24 | AF17: 已完成 | AG17: 2025-09-18 08:28 | AH17: 已完成 | AI17: 2025-09-18 08:31 | AJ17: 已完成 | AK17: 2025-09-18 08:34 | AL17: 已完成 | AM17: 2025-09-28 10:18 | AN17: 已完成 | AO17: 2025-09-28 10:20 | AP17: 已完成 | AQ17: 2025-09-28 10:23 | AR17: 已完成 | AS17: 2025-09-28 10:25 | AT17: 已完成 | AU17: 2025-09-28 10:28 | AV17: 已完成 | AW17: 2025-09-28 10:29 | AX17: 已完成 | AY17: 2025-09-28 10:33 | AZ17: 已完成 | BA17: 2025-09-28 10:46 | BB17: 已完成 | BC17: 2025-09-28 10:50 | BD17: 已完成 | BE17: 2025-09-28 11:19 | BF17: 已完成 | BG17: 2025-11-03 12:26 | BH17: 已完成 | BI17: 2025-09-28 11:23 | BJ17: 已完成 | BK17: 2025-09-28 11:26 | BL17: 已完成 | BM17: 2025-09-28 11:50 | BN17: 已完成 | BO17: 2025-09-29 10:39 | BP17: 已完成 | BQ17: 2025-09-29 10:47 | BR17: 已完成 | BS17: 2025-09-29 10:49 | BT17: 已完成 | BU17: 2025-09-29 11:03 | BV17: 已完成 | BW17: 2025-09-29 11:05 | BX17: 已完成 | BY17: 2026-01-10 08:06 | BZ17: 已完成 | CA17: 2026-01-15 17:33
A18: 郭新杰 | B18: 2022210344 | C18: 计算机与信息工程学院（大学计算机教学部） | D18: 计算机科学与技术 | E18: 计科221 | F18: 已完成 | G18: 2025-09-05 17:53 | H18: 已完成 | I18: 2025-09-05 18:00 | J18: 已完成 | K18: 2025-09-06 16:40 | L18: 已完成 | M18: 2025-09-04 08:17 | N18: 已完成 | O18: 2025-09-06 16:40 | P18: 已完成 | Q18: 2025-09-10 10:15 | R18: 已完成 | S18: 2025-09-10 10:22 | T18: 已完成 | U18: 2025-09-10 10:25 | V18: 已完成 | W18: 2025-09-10 11:34 | X18: 已完成 | Y18: 2025-09-10 11:44 | Z18: 已完成 | AA18: 2025-09-15 10:11 | AB18: 已完成 | AC18: 2025-09-15 10:12 | AD18: 已完成 | AE18: 2025-09-18 08:16 | AF18: 已完成 | AG18: 2025-09-24 10:06 | AH18: 已完成 | AI18: 2025-09-24 10:15 | AJ18: 已完成 | AK18: 2025-09-25 08:16 | AL18: 已完成 | AM18: 2025-09-25 08:22 | AN18: 已完成 | AO18: 2025-09-25 08:39 | AP18: 已完成 | AQ18: 2025-09-25 08:43 | AR18: 已完成 | AS18: 2025-09-28 10:09 | AT18: 已完成 | AU18: 2025-09-28 10:22 | AV18: 已完成 | AW18: 2025-09-28 10:24 | AX18: 已完成 | AY18: 2025-09-28 10:33 | AZ18: 已完成 | BA18: 2025-10-09 08:45 | BB18: 已完成 | BC18: 2025-10-09 08:52 | BD18: 已完成 | BE18: 2025-10-16 09:23 | BF18: 已完成 | BG18: 2025-10-22 10:09 | BH18: 已完成 | BI18: 2025-10-22 10:11 | BJ18: 已完成 | BK18: 2025-10-22 10:30 | BL18: 已完成 | BM18: 2025-10-22 10:32 | BN18: 已完成 | BO18: 2025-10-22 10:35 | BP18: 已完成 | BQ18: 2025-10-22 10:39 | BR18: 已完成 | BS18: 2025-10-22 11:24 | BT18: 已完成 | BU18: 2025-10-22 11:29 | BV18: 已完成 | BW18: 2025-10-23 08:08 | BX18: 已完成 | BY18: 2026-01-01 11:26 | BZ18: 已完成 | CA18: 2026-01-15 19:02
A19: 洪晓瑞 | B19: 2022210346 | C19: 计算机与信息工程学院（大学计算机教学部） | D19: 计算机科学与技术 | E19: 计科221 | F19: 已完成 | G19: 2025-09-04 08:56 | H19: 已完成 | I19: 2025-09-04 08:56 | J19: 已完成 | K19: 2025-09-04 08:56 | L19: 已完成 | M19: 2025-09-10 10:06 | N19: 已完成 | O19: 2025-09-04 08:57 | P19: 已完成 | Q19: 2025-09-11 07:50 | R19: 已完成 | S19: 2025-09-11 08:00 | T19: 已完成 | U19: 2025-09-18 08:02 | V19: 已完成 | W19: 2025-09-18 08:07 | X19: 已完成 | Y19: 2025-09-18 08:25 | Z19: 已完成 | AA19: 2025-09-18 08:36 | AB19: 已完成 | AC19: 2025-11-10 22:23 | AD19: 已完成 | AE19: 2025-11-10 22:27 | AF19: 已完成 | AG19: 2025-11-10 22:29 | AH19: 已完成 | AI19: 2025-11-10 22:32 | AJ19: 已完成 | AK19: 2025-11-10 22:39 | AL19: 已完成 | AM19: 2025-11-10 22:42 | AN19: 已完成 | AO19: 2025-11-10 22:44 | AP19: 已完成 | AQ19: 2025-11-10 22:48 | AR19: 已完成 | AS19: 2025-11-10 22:56 | AT19: 已完成 | AU19: 2025-11-10 22:59 | AV19: 已完成 | AW19: 2025-11-10 23:00 | AX19: 已完成 | AY19: 2025-11-10 23:03 | AZ19: 已完成 | BA19: 2025-11-10 23:04 | BB19: 已完成 | BC19: 2025-11-10 23:07 | BD19: 已完成 | BE19: 2025-11-10 23:10 | BF19: 已完成 | BG19: 2025-11-10 23:12 | BH19: 已完成 | BI19: 2025-11-10 23:15 | BJ19: 已完成 | BK19: 2025-11-10 23:18 | BL19: 已完成 | BM19: 2025-11-10 23:18 | BN19: 已完成 | BO19: 2025-11-10 23:20 | BP19: 已完成 | BQ19: 2025-11-10 23:21 | BR19: 已完成 | BS19: 2025-11-10 23:23 | BT19: 已完成 | BU19: 2025-11-10 23:24 | BV19: 已完成 | BW19: 2025-11-10 23:26 | BX19: 已完成 | BY19: 2026-01-09 19:17 | BZ19: 已完成 | CA19: 2026-01-15 18:58
A20: 胡步兴 | B20: 2022210347 | C20: 计算机与信息工程学院（大学计算机教学部） | D20: 计算机科学与技术 | E20: 计科221 | F20: 已完成 | G20: 2025-09-08 10:02 | H20: 已完成 | I20: 2025-09-10 10:24 | J20: 已完成 | K20: 2025-09-10 10:24 | L20: 已完成 | M20: 2025-09-10 10:30 | N20: 已完成 | O20: 2025-09-10 10:31 | P20: 已完成 | Q20: 2025-09-10 10:39 | R20: 已完成 | S20: 2025-09-12 20:02 | T20: 已完成 | U20: 2025-09-12 20:02 | V20: 已完成 | W20: 2025-09-12 20:05 | X20: 已完成 | Y20: 2025-09-12 20:06 | Z20: 已完成 | AA20: 2025-09-18 08:04 | AB20: 已完成 | AC20: 2025-09-18 08:06 | AD20: 已完成 | AE20: 2025-09-18 08:10 | AF20: 已完成 | AG20: 2025-09-27 17:38 | AH20: 已完成 | AI20: 2025-09-27 19:21 | AJ20: 已完成 | AK20: 2025-09-27 19:23 | AL20: 已完成 | AM20: 2025-09-27 19:26 | AN20: 已完成 | AO20: 2025-09-27 19:26 | AP20: 已完成 | AQ20: 2025-09-27 19:29 | AR20: 已完成 | AS20: 2025-09-27 19:31 | AT20: 已完成 | AU20: 2025-09-27 19:34 | AV20: 已完成 | AW20: 2025-09-27 19:38 | AX20: 已完成 | AY20: 2025-09-27 19:46 | AZ20: 已完成 | BA20: 2025-09-27 19:46 | BB20: 已完成 | BC20: 2025-09-28 10:23 | BD20: 已完成 | BE20: 2025-09-28 10:23 | BF20: 已完成 | BG20: 2025-10-16 08:49 | BH20: 已完成 | BI20: 2025-09-28 10:33 | BJ20: 已完成 | BK20: 2025-09-28 10:37 | BL20: 已完成 | BM20: 2025-09-28 10:37 | BN20: 已完成 | BO20: 2025-09-28 10:58 | BP20: 已完成 | BQ20: 2025-09-28 11:49 | BR20: 已完成 | BS20: 2025-10-09 08:24 | BT20: 已完成 | BU20: 2025-10-09 08:28 | BV20: 已完成 | BW20: 2025-10-09 08:30 | BX20: 已完成 | BY20: 2026-01-10 14:59 | BZ20: 已完成 | CA20: 2026-01-15 21:11
A21: 胡昊泱 | B21: 2022210348 | C21: 计算机与信息工程学院（大学计算机教学部） | D21: 计算机科学与技术 | E21: 计科221 | F21: 已完成 | G21: 2025-09-10 10:39 | H21: 已完成 | I21: 2025-09-10 10:41 | J21: 已完成 | K21: 2025-09-10 10:41 | L21: 已完成 | M21: 2025-09-10 10:47 | N21: 已完成 | O21: 2025-09-04 08:38 | P21: 已完成 | Q21: 2025-09-04 08:08 | R21: 已完成 | S21: 2025-09-11 07:58 | T21: 已完成 | U21: 2025-09-11 07:58 | V21: 已完成 | W21: 2025-09-11 08:04 | X21: 已完成 | Y21: 2025-09-13 21:04 | Z21: 已完成 | AA21: 2025-09-18 08:13 | AB21: 已完成 | AC21: 2025-09-18 08:13 | AD21: 已完成 | AE21: 2025-09-18 08:22 | AF21: 已完成 | AG21: 2025-09-27 17:17 | AH21: 已完成 | AI21: 2025-09-27 17:23 | AJ21: 已完成 | AK21: 2025-09-27 17:23 | AL21: 已完成 | AM21: 2025-09-28 10:33 | AN21: 已完成 | AO21: 2025-10-09 08:33 | AP21: 已完成 | AQ21: 2025-10-09 08:36 | AR21: 已完成 | AS21: 2025-10-09 08:40 | AT21: 已完成 | AU21: 2025-10-09 08:43 | AV21: 已完成 | AW21: 2025-10-09 08:51 | AX21: 已完成 | AY21: 2025-10-09 08:54 | AZ21: 已完成 | BA21: 2025-10-09 09:06 | BB21: 已完成 | BC21: 2025-10-09 09:16 | BD21: 已完成 | BE21: 2025-10-09 09:20 | BF21: 已完成 | BG21: 2025-10-16 08:30 | BH21: 已完成 | BI21: 2025-10-16 08:30 | BJ21: 已完成 | BK21: 2025-10-16 08:32 | BL21: 已完成 | BM21: 2025-10-16 08:33 | BN21: 已完成 | BO21: 2025-10-16 08:35 | BP21: 已完成 | BQ21: 2025-10-16 08:37 | BR21: 已完成 | BS21: 2025-10-16 08:40 | BT21: 已完成 | BU21: 2025-10-16 08:40 | BV21: 已完成 | BW21: 2025-10-16 08:42 | BX21: 已完成 | BY21: 2026-01-09 19:20 | BZ21: 已完成 | CA21: 2026-01-15 18:01
A22: 季玮 | B22: 2022210351 | C22: 计算机与信息工程学院（大学计算机教学部） | D22: 计算机科学与技术 | E22: 计科221 | F22: 已完成 | G22: 2025-09-04 08:04 | H22: 已完成 | I22: 2025-09-04 08:08 | J22: 已完成 | K22: 2025-09-04 08:08 | L22: 已完成 | M22: 2025-09-10 10:06 | N22: 已完成 | O22: 2025-09-10 10:06 | P22: 已完成 | Q22: 2025-09-10 10:08 | R22: 已完成 | S22: 2025-09-11 07:43 | T22: 已完成 | U22: 2025-09-11 07:44 | V22: 已完成 | W22: 2025-09-11 07:47 | X22: 已完成 | Y22: 2025-09-11 08:08 | Z22: 已完成 | AA22: 2025-09-11 08:30 | AB22: 已完成 | AC22: 2025-09-18 07:51 | AD22: 已完成 | AE22: 2025-09-18 07:54 | AF22: 已完成 | AG22: 2025-09-18 07:55 | AH22: 已完成 | AI22: 2025-09-18 08:03 | AJ22: 已完成 | AK22: 2025-09-18 08:04 | AL22: 已完成 | AM22: 2025-09-18 08:13 | AN22: 已完成 | AO22: 2025-09-18 08:15 | AP22: 已完成 | AQ22: 2025-09-18 08:18 | AR22: 已完成 | AS22: 2025-09-28 10:33 | AT22: 已完成 | AU22: 2025-09-28 10:38 | AV22: 已完成 | AW22: 2025-09-28 10:39 | AX22: 已完成 | AY22: 2025-09-28 10:45 | AZ22: 已完成 | BA22: 2025-09-28 11:00 | BB22: 已完成 | BC22: 2025-10-27 10:20 | BD22: 已完成 | BE22: 2025-10-27 10:24 | BF22: 已完成 | BG22: 2025-10-27 10:27 | BH22: 已完成 | BI22: 2025-10-27 10:29 | BJ22: 已完成 | BK22: 2025-10-27 10:31 | BL22: 已完成 | BM22: 2025-10-27 10:33 | BN22: 已完成 | BO22: 2025-10-27 10:35 | BP22: 已完成 | BQ22: 2025-10-27 10:36 | BR22: 已完成 | BS22: 2025-10-27 10:38 | BT22: 已完成 | BU22: 2025-10-27 10:40 | BV22: 已完成 | BW22: 2025-10-27 10:44 | BX22: 已完成 | BY22: 2026-01-09 19:20 | BZ22: 已完成 | CA22: 2026-01-15 19:27
A23: 李宝航 | B23: 2022210359 | C23: 计算机与信息工程学院（大学计算机教学部） | D23: 计算机科学与技术 | E23: 计科221 | F23: 已完成 | G23: 2025-09-13 16:50 | H23: 已完成 | I23: 2025-09-13 16:51 | J23: 已完成 | K23: 2025-09-13 16:51 | L23: 已完成 | M23: 2025-09-13 19:15 | N23: 已完成 | O23: 2025-09-13 19:15 | P23: 已完成 | Q23: 2025-09-13 19:26 | R23: 已完成 | S23: 2025-11-03 09:59 | T23: 已完成 | U23: 2025-11-03 10:00 | V23: 已完成 | W23: 2025-11-03 10:03 | X23: 已完成 | Y23: 2025-11-03 10:03 | Z23: 已完成 | AA23: 2025-11-03 10:09 | AB23: 已完成 | AC23: 2025-11-03 10:10 | AD23: 已完成 | AE23: 2025-11-03 10:12 | AF23: 已完成 | AG23: 2025-11-03 10:13 | AH23: 已完成 | AI23: 2025-11-03 10:16 | AJ23: 已完成 | AK23: 2025-11-03 10:18 | AL23: 已完成 | AM23: 2025-11-03 10:21 | AN23: 已完成 | AO23: 2025-11-03 10:22 | AP23: 已完成 | AQ23: 2025-11-03 10:25 | AR23: 已完成 | AS23: 2025-11-03 10:28 | AT23: 已完成 | AU23: 2025-11-03 10:30 | AV23: 已完成 | AW23: 2025-11-03 10:32 | AX23: 已完成 | AY23: 2025-11-03 10:35 | AZ23: 已完成 | BA23: 2025-11-03 10:40 | BB23: 已完成 | BC23: 2025-11-03 10:44 | BD23: 已完成 | BE23: 2025-11-03 10:44 | BF23: 已完成 | BG23: 2025-11-03 10:47 | BH23: 已完成 | BI23: 2025-11-03 10:49 | BJ23: 已完成 | BK23: 2025-11-03 10:51 | BL23: 已完成 | BM23: 2025-11-03 10:51 | BN23: 已完成 | BO23: 2025-11-03 10:53 | BP23: 已完成 | BQ23: 2025-11-03 10:54 | BR23: 已完成 | BS23: 2025-11-03 10:56 | BT23: 已完成 | BU23: 2025-11-03 10:56 | BV23: 已完成 | BW23: 2025-11-03 10:59 | BX23: 已完成 | BY23: 2026-01-10 00:16 | BZ23: 已完成 | CA23: 2026-01-15 17:38
A24: 李浩 | B24: 2022210360 | C24: 计算机与信息工程学院（大学计算机教学部） | D24: 计算机科学与技术 | E24: 计科221 | F24: 已完成 | G24: 2025-09-09 23:08 | H24: 已完成 | I24: 2025-09-09 23:08 | J24: 已完成 | K24: 2025-09-09 23:08 | L24: 已完成 | M24: 2025-09-09 23:15 | N24: 已完成 | O24: 2025-09-04 08:11 | P24: 已完成 | Q24: 2025-09-09 23:18 | R24: 已完成 | S24: 2025-09-09 23:21 | T24: 已完成 | U24: 2025-09-09 23:22 | V24: 已完成 | W24: 2025-09-09 23:25 | X24: 已完成 | Y24: 2025-09-09 23:26 | Z24: 已完成 | AA24: 2025-09-10 10:06 | AB24: 已完成 | AC24: 2025-09-10 10:46 | AD24: 已完成 | AE24: 2025-09-18 07:56 | AF24: 已完成 | AG24: 2025-09-18 08:02 | AH24: 已完成 | AI24: 2025-09-18 08:06 | AJ24: 已完成 | AK24: 2025-09-18 08:06 | AL24: 已完成 | AM24: 2025-09-18 08:09 | AN24: 已完成 | AO24: 2025-09-18 08:18 | AP24: 已完成 | AQ24: 2025-09-25 08:17 | AR24: 已完成 | AS24: 2025-09-25 08:18 | AT24: 已完成 | AU24: 2025-09-25 08:21 | AV24: 已完成 | AW24: 2025-09-28 10:07 | AX24: 已完成 | AY24: 2025-09-26 16:43 | AZ24: 已完成 | BA24: 2025-09-04 08:12 | BB24: 已完成 | BC24: 2025-09-29 10:01 | BD24: 已完成 | BE24: 2025-09-29 10:08 | BF24: 已完成 | BG24: 2025-11-10 18:15 | BH24: 已完成 | BI24: 2025-10-09 08:03 | BJ24: 已完成 | BK24: 2025-10-09 08:07 | BL24: 已完成 | BM24: 2025-10-09 08:08 | BN24: 已完成 | BO24: 2025-10-09 08:12 | BP24: 已完成 | BQ24: 2025-10-09 08:13 | BR24: 已完成 | BS24: 2025-10-09 08:17 | BT24: 已完成 | BU24: 2025-10-09 08:19 | BV24: 已完成 | BW24: 2025-10-09 08:23 | BX24: 已完成 | BY24: 2025-12-31 19:25 | BZ24: 已完成 | CA24: 2026-01-15 17:36
A25: 李今朝 | B25: 2022210361 | C25: 计算机与信息工程学院（大学计算机教学部） | D25: 计算机科学与技术 | E25: 计科221 | F25: 已完成 | G25: 2025-09-04 08:02 | H25: 已完成 | I25: 2025-09-04 21:00 | J25: 已完成 | K25: 2025-09-04 21:02 | L25: 已完成 | M25: 2025-09-13 19:08 | N25: 已完成 | O25: 2025-09-13 19:10 | P25: 已完成 | Q25: 2025-09-04 08:45 | R25: 已完成 | S25: 2025-10-11 19:06 | T25: 已完成 | U25: 2025-10-11 19:08 | V25: 已完成 | W25: 2025-10-11 19:11 | X25: 已完成 | Y25: 2025-11-01 18:06 | Z25: 已完成 | AA25: 2025-11-01 18:12 | AB25: 已完成 | AC25: 2025-11-15 18:35 | AD25: 已完成 | AE25: 2025-11-15 18:38 | AF25: 已完成 | AG25: 2025-11-15 19:28 | AH25: 已完成 | AI25: 2025-11-15 19:32 | AJ25: 已完成 | AK25: 2025-11-15 19:41 | AL25: 已完成 | AM25: 2025-11-15 19:45 | AN25: 已完成 | AO25: 2025-11-15 19:50 | AP25: 已完成 | AQ25: 2025-11-15 19:52 | AR25: 已完成 | AS25: 2025-11-22 22:36 | AT25: 已完成 | AU25: 2025-11-22 22:39 | AV25: 已完成 | AW25: 2025-11-22 22:40 | AX25: 已完成 | AY25: 2025-11-22 22:44 | AZ25: 已完成 | BA25: 2025-11-22 22:44 | BB25: 已完成 | BC25: 2025-11-22 22:48 | BD25: 已完成 | BE25: 2025-11-22 22:55 | BF25: 已完成 | BG25: 2025-11-22 22:57 | BH25: 已完成 | BI25: 2025-11-22 23:01 | BJ25: 已完成 | BK25: 2025-11-23 00:25 | BL25: 已完成 | BM25: 2025-11-23 00:33 | BN25: 已完成 | BO25: 2025-11-23 00:35 | BP25: 已完成 | BQ25: 2025-11-23 00:36 | BR25: 已完成 | BS25: 2025-11-23 00:38 | BT25: 已完成 | BU25: 2025-11-23 00:40 | BV25: 已完成 | BW25: 2025-11-23 00:42 | BX25: 已完成 | BY25: 2026-01-09 19:17 | BZ25: 已完成 | CA25: 2026-01-15 18:56
... A32: 任奕凯 | B32: 2022210380 | C32: 计算机与信息工程学院（大学计算机教学部） | D32: 计算机科学与技术 | E32: 计科221 | F32: 已完成 | G32: 2025-09-07 15:36 | H32: 已完成 | I32: 2025-09-07 15:36 | J32: 已完成 | K32: 2025-09-07 15:37 | L32: 已完成 | M32: 2025-09-07 15:44 | N32: 已完成 | O32: 2025-09-04 10:12 | P32: 已完成 | Q32: 2025-09-07 19:03 | R32: 已完成 | S32: 2025-09-07 19:09 | T32: 已完成 | U32: 2025-09-07 19:54 | V32: 已完成 | W32: 2025-09-07 20:39 | X32: 已完成 | Y32: 2025-09-16 16:47 | Z32: 已完成 | AA32: 2025-09-16 16:59 | AB32: 已完成 | AC32: 2025-09-19 19:41 | AD32: 已完成 | AE32: 2025-09-28 10:23 | AF32: 已完成 | AG32: 2025-09-28 10:39 | AH32: 已完成 | AI32: 2025-09-28 10:46 | AJ32: 已完成 | AK32: 2025-09-28 10:47 | AL32: 已完成 | AM32: 2025-09-28 10:52 | AN32: 已完成 | AO32: 2025-09-28 10:53 | AP32: 已完成 | AQ32: 2025-09-28 10:57 | AR32: 已完成 | AS32: 2025-10-08 12:09 | AT32: 已完成 | AU32: 2025-10-08 12:16 | AV32: 已完成 | AW32: 2025-10-08 12:16 | AX32: 已完成 | AY32: 2025-10-08 12:22 | AZ32: 已完成 | BA32: 2025-10-08 12:44 | BB32: 已完成 | BC32: 2025-10-08 12:51 | BD32: 已完成 | BE32: 2025-10-08 12:51 | BF32: 已完成 | BG32: 2025-10-31 22:35 | BH32: 已完成 | BI32: 2025-10-08 12:56 | BJ32: 已完成 | BK32: 2025-10-08 12:59 | BL32: 已完成 | BM32: 2025-10-08 13:03 | BN32: 已完成 | BO32: 2025-10-08 13:06 | BP32: 已完成 | BQ32: 2025-10-08 13:11 | BR32: 已完成 | BS32: 2025-10-08 13:11 | BT32: 已完成 | BU32: 2025-10-08 13:11 | BV32: 已完成 | BW32: 2025-10-08 13:15 | BX32: 已完成 | BY32: 2026-01-06 22:08 | BZ32: 已完成 | CA32: 2026-01-15 18:00
A33: 阮珧 | B33: 2022210381 | C33: 计算机与信息工程学院（大学计算机教学部） | D33: 计算机科学与技术 | E33: 计科222 | F33: 已完成 | G33: 2025-09-10 10:25 | H33: 已完成 | I33: 2025-09-10 10:25 | J33: 已完成 | K33: 2025-09-10 10:26 | L33: 已完成 | M33: 2025-09-10 10:29 | N33: 已完成 | O33: 2025-09-10 10:30 | P33: 已完成 | Q33: 2025-09-10 10:44 | R33: 已完成 | S33: 2025-09-10 10:52 | T33: 已完成 | U33: 2025-09-10 10:54 | V33: 已完成 | W33: 2025-09-10 10:59 | X33: 已完成 | Y33: 2025-09-18 08:05 | Z33: 已完成 | AA33: 2025-10-31 16:25 | AB33: 已完成 | AC33: 2025-10-31 16:37 | AD33: 已完成 | AE33: 2025-10-31 16:36 | AF33: 已完成 | AG33: 2025-10-31 16:37 | AH33: 已完成 | AI33: 2025-10-31 16:43 | AJ33: 已完成 | AK33: 2025-10-31 16:46 | AL33: 已完成 | AM33: 2025-10-31 16:49 | AN33: 已完成 | AO33: 2025-10-31 17:02 | AP33: 已完成 | AQ33: 2025-10-31 17:04 | AR33: 已完成 | AS33: 2025-11-04 17:14 | AT33: 已完成 | AU33: 2025-11-04 17:17 | AV33: 已完成 | AW33: 2025-11-04 19:57 | AX33: 已完成 | AY33: 2025-11-04 20:00 | AZ33: 已完成 | BA33: 2025-11-04 20:18 | BB33: 已完成 | BC33: 2025-11-04 20:21 | BD33: 已完成 | BE33: 2025-11-04 20:22 | BF33: 已完成 | BG33: 2025-11-04 20:25 | BH33: 已完成 | BI33: 2025-11-04 20:42 | BJ33: 已完成 | BK33: 2025-11-04 20:44 | BL33: 已完成 | BM33: 2025-11-04 20:45 | BN33: 已完成 | BO33: 2025-11-04 20:47 | BP33: 已完成 | BQ33: 2025-11-04 20:50 | BR33: 已完成 | BS33: 2025-11-04 20:53 | BT33: 已完成 | BU33: 2025-11-04 20:59 | BV33: 已完成 | BW33: 2025-11-04 21:02 | BX33: 未完成 | BZ33: 未完成
A34: 孙嘉婧 | B34: 2022210384 | C34: 计算机与信息工程学院（大学计算机教学部） | D34: 计算机科学与技术 | E34: 计科222 | F34: 已完成 | G34: 2025-09-04 08:09 | H34: 已完成 | I34: 2025-09-04 08:09 | J34: 已完成 | K34: 2025-09-04 08:11 | L34: 已完成 | M34: 2025-09-07 22:25 | N34: 已完成 | O34: 2025-09-04 08:38 | P34: 已完成 | Q34: 2025-09-04 09:11 | R34: 已完成 | S34: 2025-09-10 10:25 | T34: 已完成 | U34: 2025-09-10 10:44 | V34: 已完成 | W34: 2025-09-11 08:31 | X34: 已完成 | Y34: 2025-09-11 08:32 | Z34: 已完成 | AA34: 2025-09-13 20:05 | AB34: 已完成 | AC34: 2025-09-13 20:10 | AD34: 已完成 | AE34: 2025-09-13 20:15 | AF34: 已完成 | AG34: 2025-09-13 20:15 | AH34: 已完成 | AI34: 2025-09-13 20:21 | AJ34: 已完成 | AK34: 2025-09-13 20:41 | AL34: 已完成 | AM34: 2025-09-13 20:46 | AN34: 已完成 | AO34: 2025-09-13 20:46 | AP34: 已完成 | AQ34: 2025-09-13 20:51 | AR34: 已完成 | AS34: 2025-09-13 20:52 | AT34: 已完成 | AU34: 2025-09-23 15:46 | AV34: 已完成 | AW34: 2025-09-23 15:47 | AX34: 已完成 | AY34: 2025-09-23 15:53 | AZ34: 已完成 | BA34: 2025-09-23 15:59 | BB34: 已完成 | BC34: 2025-09-23 16:06 | BD34: 已完成 | BE34: 2025-09-23 16:07 | BF34: 已完成 | BG34: 2025-10-18 23:06 | BH34: 已完成 | BI34: 2025-10-18 23:08 | BJ34: 已完成 | BK34: 2025-10-18 23:11 | BL34: 已完成 | BM34: 2025-10-18 23:12 | BN34: 已完成 | BO34: 2025-10-18 23:16 | BP34: 已完成 | BQ34: 2025-10-18 23:16 | BR34: 已完成 | BS34: 2025-10-18 23:20 | BT34: 已完成 | BU34: 2025-10-18 23:21 | BV34: 已完成 | BW34: 2025-10-18 23:25 | BX34: 已完成 | BY34: 2026-01-01 19:53 | BZ34: 已完成 | CA34: 2026-01-15 19:42
A35: 孙锦年 | B35: 2022210385 | C35: 计算机与信息工程学院（大学计算机教学部） | D35: 计算机科学与技术 | E35: 计科222 | F35: 已完成 | G35: 2025-09-04 08:09 | H35: 已完成 | I35: 2025-09-27 14:19 | J35: 已完成 | K35: 2025-09-27 14:20 | L35: 已完成 | M35: 2025-09-27 14:23 | N35: 已完成 | O35: 2025-09-27 14:24 | P35: 已完成 | Q35: 2025-09-27 14:24 | R35: 已完成 | S35: 2025-09-27 14:28 | T35: 已完成 | U35: 2025-09-27 14:30 | V35: 已完成 | W35: 2025-09-27 14:33 | X35: 已完成 | Y35: 2025-09-27 14:33 | Z35: 已完成 | AA35: 2025-09-27 14:39 | AB35: 已完成 | AC35: 2025-09-27 14:47 | AD35: 已完成 | AE35: 2025-09-27 14:50 | AF35: 已完成 | AG35: 2025-09-27 15:01 | AH35: 已完成 | AI35: 2025-09-27 15:05 | AJ35: 已完成 | AK35: 2025-09-27 15:09 | AL35: 已完成 | AM35: 2025-11-10 18:18 | AN35: 已完成 | AO35: 2025-11-10 18:23 | AP35: 已完成 | AQ35: 2025-11-10 18:25 | AR35: 已完成 | AS35: 2025-11-11 12:55 | AT35: 已完成 | AU35: 2025-11-11 13:25 | AV35: 已完成 | AW35: 2025-11-11 13:25 | AX35: 已完成 | AY35: 2025-11-11 13:28 | AZ35: 已完成 | BA35: 2025-11-11 13:29 | BB35: 已完成 | BC35: 2025-11-11 13:32 | BD35: 已完成 | BE35: 2025-11-11 13:47 | BF35: 已完成 | BG35: 2025-11-11 13:49 | BH35: 已完成 | BI35: 2025-11-13 11:20 | BJ35: 已完成 | BK35: 2025-11-13 11:23 | BL35: 已完成 | BM35: 2025-11-13 11:25 | BN35: 已完成 | BO35: 2025-11-13 11:27 | BP35: 已完成 | BQ35: 2025-11-13 11:27 | BR35: 已完成 | BS35: 2025-11-13 11:29 | BT35: 已完成 | BU35: 2025-11-13 11:30 | BV35: 已完成 | BW35: 2025-11-13 11:32 | BX35: 已完成 | BY35: 2026-01-01 12:06 | BZ35: 已完成 | CA35: 2026-01-15 17:41
A36: 唐蕊 | B36: 2022210387 | C36: 计算机与信息工程学院（大学计算机教学部） | D36: 计算机科学与技术 | E36: 计科222 | F36: 已完成 | G36: 2025-09-08 10:07 | H36: 已完成 | I36: 2025-09-08 10:07 | J36: 已完成 | K36: 2025-09-08 10:08 | L36: 已完成 | M36: 2025-09-08 10:14 | N36: 已完成 | O36: 2025-09-08 10:15 | P36: 已完成 | Q36: 2025-09-04 09:00 | R36: 已完成 | S36: 2025-09-08 10:19 | T36: 已完成 | U36: 2025-09-04 09:12 | V36: 已完成 | W36: 2025-09-08 10:44 | X36: 已完成 | Y36: 2025-09-11 08:11 | Z36: 已完成 | AA36: 2025-09-28 10:34 | AB36: 已完成 | AC36: 2025-09-28 10:36 | AD36: 已完成 | AE36: 2025-11-10 18:27 | AF36: 已完成 | AG36: 2025-11-10 18:43 | AH36: 已完成 | AI36: 2025-11-10 18:35 | AJ36: 已完成 | AK36: 2025-11-10 18:43 | AL36: 已完成 | AM36: 2025-11-10 18:49 | AN36: 已完成 | AO36: 2025-11-10 18:49 | AP36: 已完成 | AQ36: 2025-11-10 18:57 | AR36: 已完成 | AS36: 2025-11-10 18:59 | AT36: 已完成 | AU36: 2025-11-15 22:22 | AV36: 已完成 | AW36: 2025-11-15 22:29 | AX36: 已完成 | AY36: 2025-11-15 22:28 | AZ36: 已完成 | BA36: 2025-11-15 22:30 | BB36: 已完成 | BC36: 2025-11-15 22:36 | BD36: 已完成 | BE36: 2025-11-15 22:37 | BF36: 已完成 | BG36: 2025-11-15 22:41 | BH36: 已完成 | BI36: 2025-11-15 22:42 | BJ36: 已完成 | BK36: 2025-11-15 22:45 | BL36: 已完成 | BM36: 2025-11-15 22:46 | BN36: 已完成 | BO36: 2025-11-15 22:48 | BP36: 已完成 | BQ36: 2025-11-15 22:48 | BR36: 已完成 | BS36: 2025-11-15 22:52 | BT36: 已完成 | BU36: 2025-11-15 22:52 | BV36: 已完成 | BW36: 2025-11-15 22:54 | BX36: 已完成 | BY36: 2026-01-01 18:04 | BZ36: 已完成 | CA36: 2026-01-15 17:42
A37: 汪海洋 | B37: 2022210389 | C37: 计算机与信息工程学院（大学计算机教学部） | D37: 计算机科学与技术 | E37: 计科222 | F37: 已完成 | G37: 2025-09-10 10:02 | H37: 已完成 | I37: 2025-09-10 10:02 | J37: 已完成 | K37: 2025-09-10 10:02 | L37: 已完成 | M37: 2025-09-10 10:08 | N37: 已完成 | O37: 2025-09-10 10:08 | P37: 已完成 | Q37: 2025-09-10 10:09 | R37: 已完成 | S37: 2025-09-11 08:28 | T37: 已完成 | U37: 2025-09-11 08:29 | V37: 已完成 | W37: 2025-09-11 08:34 | X37: 已完成 | Y37: 2025-09-11 08:35 | Z37: 已完成 | AA37: 2025-09-11 08:45 | AB37: 已完成 | AC37: 2025-09-11 09:11 | AD37: 已完成 | AE37: 2025-09-18 07:56 | AF37: 已完成 | AG37: 2025-09-18 08:03 | AH37: 已完成 | AI37: 2025-09-28 10:07 | AJ37: 已完成 | AK37: 2025-09-28 10:10 | AL37: 已完成 | AM37: 2025-09-28 10:15 | AN37: 已完成 | AO37: 2025-09-28 10:18 | AP37: 已完成 | AQ37: 2025-09-28 10:23 | AR37: 已完成 | AS37: 2025-09-28 10:25 | AT37: 已完成 | AU37: 2025-09-28 10:31 | AV37: 已完成 | AW37: 2025-09-28 10:33 | AX37: 已完成 | AY37: 2025-09-28 10:39 | AZ37: 已完成 | BA37: 2025-09-28 10:42 | BB37: 已完成 | BC37: 2025-09-28 10:48 | BD37: 已完成 | BE37: 2025-09-28 10:50 | BF37: 已完成 | BG37: 2025-10-17 23:15 | BH37: 已完成 | BI37: 2025-09-28 10:55 | BJ37: 已完成 | BK37: 2025-09-28 10:58 | BL37: 已完成 | BM37: 2025-09-28 10:59 | BN37: 已完成 | BO37: 2025-09-28 11:03 | BP37: 已完成 | BQ37: 2025-09-28 11:04 | BR37: 已完成 | BS37: 2025-09-28 11:12 | BT37: 已完成 | BU37: 2025-09-28 11:12 | BV37: 已完成 | BW37: 2025-09-28 11:17 | BX37: 已完成 | BY37: 2026-01-01 12:14 | BZ37: 已完成 | CA37: 2026-01-15 18:01
A38: 王瑞 | B38: 2022210392 | C38: 计算机与信息工程学院（大学计算机教学部） | D38: 计算机科学与技术 | E38: 计科222 | F38: 已完成 | G38: 2025-09-08 10:42 | H38: 已完成 | I38: 2025-09-08 10:42 | J38: 已完成 | K38: 2025-09-08 10:42 | L38: 已完成 | M38: 2025-09-10 10:55 | N38: 已完成 | O38: 2025-09-10 10:56 | P38: 已完成 | Q38: 2025-09-10 10:56 | R38: 已完成 | S38: 2025-09-11 08:30 | T38: 已完成 | U38: 2025-09-11 08:30 | V38: 已完成 | W38: 2025-09-18 09:19 | X38: 已完成 | Y38: 2025-09-18 09:21 | Z38: 已完成 | AA38: 2025-09-20 07:55 | AB38: 已完成 | AC38: 2025-09-20 08:04 | AD38: 已完成 | AE38: 2025-09-20 08:03 | AF38: 已完成 | AG38: 2025-09-20 08:04 | AH38: 已完成 | AI38: 2025-09-20 08:12 | AJ38: 已完成 | AK38: 2025-09-20 08:28 | AL38: 已完成 | AM38: 2025-09-20 08:24 | AN38: 已完成 | AO38: 2025-09-20 08:28 | AP38: 已完成 | AQ38: 2025-09-20 08:33 | AR38: 已完成 | AS38: 2025-09-24 09:58 | AT38: 已完成 | AU38: 2025-09-24 09:58 | AV38: 已完成 | AW38: 2025-09-24 09:58 | AX38: 已完成 | AY38: 2025-09-24 10:04 | AZ38: 已完成 | BA38: 2025-09-24 11:33 | BB38: 已完成 | BC38: 2025-09-24 11:32 | BD38: 已完成 | BE38: 2025-09-24 11:33 | BF38: 已完成 | BG38: 2025-10-16 08:16 | BH38: 已完成 | BI38: 2025-09-28 09:58 | BJ38: 已完成 | BK38: 2025-09-28 09:58 | BL38: 已完成 | BM38: 2025-09-28 09:58 | BN38: 已完成 | BO38: 2025-09-28 10:08 | BP38: 已完成 | BQ38: 2025-09-28 10:14 | BR38: 已完成 | BS38: 2025-09-28 10:13 | BT38: 已完成 | BU38: 2025-09-28 10:14 | BV38: 已完成 | BW38: 2025-09-28 10:19 | BX38: 已完成 | BY38: 2025-12-31 20:19 | BZ38: 已完成 | CA38: 2026-01-15 17:58
A39: 王鑫玥 | B39: 2022210393 | C39: 计算机与信息工程学院（大学计算机教学部） | D39: 计算机科学与技术 | E39: 计科222 | F39: 已完成 | G39: 2025-09-04 08:37 | H39: 已完成 | I39: 2025-09-04 08:38 | J39: 已完成 | K39: 2025-09-04 08:38 | L39: 已完成 | M39: 2025-09-10 10:38 | N39: 已完成 | O39: 2025-09-04 08:38 | P39: 已完成 | Q39: 2025-09-04 08:43 | R39: 已完成 | S39: 2025-09-10 10:43 | T39: 已完成 | U39: 2025-09-04 08:43 | V39: 已完成 | W39: 2025-09-12 19:22 | X39: 已完成 | Y39: 2025-09-04 08:43 | Z39: 已完成 | AA39: 2025-09-15 10:11 | AB39: 已完成 | AC39: 2025-09-04 08:43 | AD39: 已完成 | AE39: 2025-09-15 10:14 | AF39: 已完成 | AG39: 2025-09-04 08:43 | AH39: 已完成 | AI39: 2025-09-15 10:19 | AJ39: 已完成 | AK39: 2025-09-04 08:43 | AL39: 已完成 | AM39: 2025-09-15 10:39 | AN39: 已完成 | AO39: 2025-09-04 08:43 | AP39: 已完成 | AQ39: 2025-09-15 10:55 | AR39: 已完成 | AS39: 2025-09-04 08:44 | AT39: 已完成 | AU39: 2025-09-17 08:07 | AV39: 已完成 | AW39: 2025-09-04 08:44 | AX39: 已完成 | AY39: 2025-09-17 08:13 | AZ39: 已完成 | BA39: 2025-09-04 08:44 | BB39: 已完成 | BC39: 2025-11-23 10:06 | BD39: 已完成 | BE39: 2025-09-04 08:44 | BF39: 已完成 | BG39: 2025-11-23 10:34 | BH39: 已完成 | BI39: 2025-09-04 08:44 | BJ39: 已完成 | BK39: 2025-11-23 13:48 | BL39: 已完成 | BM39: 2025-09-04 08:44 | BN39: 已完成 | BO39: 2025-11-23 13:50 | BP39: 已完成 | BQ39: 2025-09-04 08:44 | BR39: 已完成 | BS39: 2025-11-23 14:21 | BT39: 已完成 | BU39: 2025-11-23 14:39 | BV39: 已完成 | BW39: 2025-11-23 14:41 | BX39: 已完成 | BY39: 2026-01-09 19:20 | BZ39: 已完成 | CA39: 2026-01-15 19:53
A40: 王志成 | B40: 2022210394 | C40: 计算机与信息工程学院（大学计算机教学部） | D40: 计算机科学与技术 | E40: 计科222 | F40: 已完成 | G40: 2025-09-04 08:00 | H40: 已完成 | I40: 2025-09-04 08:00 | J40: 已完成 | K40: 2025-09-10 10:19 | L40: 已完成 | M40: 2025-09-10 10:25 | N40: 已完成 | O40: 2025-09-10 10:26 | P40: 已完成 | Q40: 2025-09-10 10:32 | R40: 已完成 | S40: 2025-09-10 10:31 | T40: 已完成 | U40: 2025-09-10 10:32 | V40: 已完成 | W40: 2025-09-11 08:53 | X40: 已完成 | Y40: 2025-09-11 08:58 | Z40: 已完成 | AA40: 2025-09-11 09:03 | AB40: 已完成 | AC40: 2025-09-18 08:09 | AD40: 已完成 | AE40: 2025-09-18 08:11 | AF40: 已完成 | AG40: 2025-09-18 08:14 | AH40: 已完成 | AI40: 2025-09-22 10:38 | AJ40: 已完成 | AK40: 2025-09-22 10:39 | AL40: 已完成 | AM40: 2025-09-22 10:42 | AN40: 已完成 | AO40: 2025-09-22 10:49 | AP40: 已完成 | AQ40: 2025-09-22 10:51 | AR40: 已完成 | AS40: 2025-09-22 10:57 | AT40: 已完成 | AU40: 2025-09-22 11:21 | AV40: 已完成 | AW40: 2025-09-28 10:14 | AX40: 已完成 | AY40: 2025-09-28 10:17 | AZ40: 已完成 | BA40: 2025-09-28 10:35 | BB40: 已完成 | BC40: 2025-10-09 08:02 | BD40: 已完成 | BE40: 2025-10-09 08:03 | BF40: 已完成 | BG40: 2025-10-16 08:26 | BH40: 已完成 | BI40: 2025-10-09 08:07 | BJ40: 已完成 | BK40: 2025-10-09 08:09 | BL40: 已完成 | BM40: 2025-10-09 08:09 | BN40: 已完成 | BO40: 2025-10-09 08:12 | BP40: 已完成 | BQ40: 2025-10-09 08:12 | BR40: 已完成 | BS40: 2025-10-09 08:14 | BT40: 已完成 | BU40: 2025-10-09 08:15 | BV40: 已完成 | BW40: 2025-10-09 08:17 | BX40: 已完成 | BY40: 2025-12-31 19:51 | BZ40: 已完成 | CA40: 2026-01-15 17:45
A41: 闫鹏飞 | B41: 2022210400 | C41: 计算机与信息工程学院（大学计算机教学部） | D41: 计算机科学与技术 | E41: 计科222 | F41: 已完成 | G41: 2025-09-04 08:08 | H41: 已完成 | I41: 2025-09-04 08:09 | J41: 已完成 | K41: 2025-09-04 08:18 | L41: 已完成 | M41: 2025-09-05 00:18 | N41: 已完成 | O41: 2025-09-05 00:18 | P41: 已完成 | Q41: 2025-09-05 00:20 | R41: 已完成 | S41: 2025-09-10 10:09 | T41: 已完成 | U41: 2025-09-10 10:13 | V41: 已完成 | W41: 2025-09-10 10:19 | X41: 已完成 | Y41: 2025-09-13 15:04 | Z41: 已完成 | AA41: 2025-09-27 18:10 | AB41: 已完成 | AC41: 2025-09-27 18:13 | AD41: 已完成 | AE41: 2025-09-27 18:17 | AF41: 已完成 | AG41: 2025-09-27 19:30 | AH41: 已完成 | AI41: 2025-09-27 19:36 | AJ41: 已完成 | AK41: 2025-09-27 19:39 | AL41: 已完成 | AM41: 2025-09-27 19:45 | AN41: 已完成 | AO41: 2025-09-27 19:46 | AP41: 已完成 | AQ41: 2025-09-27 19:50 | AR41: 已完成 | AS41: 2025-09-27 20:10 | AT41: 已完成 | AU41: 2025-09-27 20:16 | AV41: 已完成 | AW41: 2025-09-27 20:16 | AX41: 已完成 | AY41: 2025-09-27 20:21 | AZ41: 已完成 | BA41: 2025-09-27 22:55 | BB41: 已完成 | BC41: 2025-09-27 23:01 | BD41: 已完成 | BE41: 2025-09-27 23:13 | BF41: 已完成 | BG41: 2025-11-10 18:22 | BH41: 已完成 | BI41: 2025-09-28 10:27 | BJ41: 已完成 | BK41: 2025-09-28 10:31 | BL41: 已完成 | BM41: 2025-09-28 10:32 | BN41: 已完成 | BO41: 2025-09-28 10:36 | BP41: 已完成 | BQ41: 2025-09-28 10:38 | BR41: 已完成 | BS41: 2025-09-28 10:42 | BT41: 已完成 | BU41: 2025-09-28 10:49 | BV41: 已完成 | BW41: 2025-09-28 10:54 | BX41: 已完成 | BY41: 2026-01-09 19:17 | BZ41: 已完成 | CA41: 2026-01-15 17:50
A42: 杨浩天 | B42: 2022210401 | C42: 计算机与信息工程学院（大学计算机教学部） | D42: 计算机科学与技术 | E42: 计科222 | F42: 已完成 | G42: 2025-09-07 23:45 | H42: 已完成 | I42: 2025-09-07 23:45 | J42: 已完成 | K42: 2025-09-07 23:45 | L42: 已完成 | M42: 2025-09-10 10:50 | N42: 已完成 | O42: 2025-09-10 10:51 | P42: 已完成 | Q42: 2025-09-04 08:09 | R42: 已完成 | S42: 2025-09-10 10:59 | T42: 已完成 | U42: 2025-09-11 07:50 | V42: 已完成 | W42: 2025-09-11 07:55 | X42: 已完成 | Y42: 2025-09-11 08:04 | Z42: 已完成 | AA42: 2025-09-18 08:03 | AB42: 已完成 | AC42: 2025-09-24 11:31 | AD42: 已完成 | AE42: 2025-09-24 11:29 | AF42: 已完成 | AG42: 2025-09-24 11:32 | AH42: 已完成 | AI42: 2025-09-24 11:39 | AJ42: 已完成 | AK42: 2025-09-27 17:39 | AL42: 已完成 | AM42: 2025-09-27 17:45 | AN42: 已完成 | AO42: 2025-09-27 17:49 | AP42: 已完成 | AQ42: 2025-09-27 17:54 | AR42: 已完成 | AS42: 2025-09-28 10:29 | AT42: 已完成 | AU42: 2025-09-28 10:35 | AV42: 已完成 | AW42: 2025-10-09 08:42 | AX42: 已完成 | AY42: 2025-10-22 10:14 | AZ42: 已完成 | BA42: 2025-10-22 10:28 | BB42: 已完成 | BC42: 2025-10-22 10:37 | BD42: 已完成 | BE42: 2025-10-22 10:48 | BF42: 已完成 | BG42: 2025-11-11 13:07 | BH42: 已完成 | BI42: 2025-11-11 13:08 | BJ42: 已完成 | BK42: 2025-11-11 13:11 | BL42: 已完成 | BM42: 2025-11-11 13:16 | BN42: 已完成 | BO42: 2025-11-11 13:20 | BP42: 已完成 | BQ42: 2025-11-11 13:21 | BR42: 已完成 | BS42: 2025-11-11 13:25 | BT42: 已完成 | BU42: 2025-11-11 13:26 | BV42: 已完成 | BW42: 2025-11-11 13:30 | BX42: 已完成 | BY42: 2026-01-09 19:20 | BZ42: 未完成
A43: 杨龙 | B43: 2022210402 | C43: 计算机与信息工程学院（大学计算机教学部） | D43: 计算机科学与技术 | E43: 计科222 | F43: 已完成 | G43: 2025-09-11 07:52 | H43: 已完成 | I43: 2025-09-11 07:52 | J43: 已完成 | K43: 2025-09-11 07:52 | L43: 已完成 | M43: 2025-09-14 15:59 | N43: 已完成 | O43: 2025-09-04 08:25 | P43: 已完成 | Q43: 2025-09-14 16:00 | R43: 已完成 | S43: 2025-09-14 16:07 | T43: 已完成 | U43: 2025-09-14 16:14 | V43: 已完成 | W43: 2025-09-14 16:20 | X43: 已完成 | Y43: 2025-09-14 16:27 | Z43: 已完成 | AA43: 2025-09-14 16:39 | AB43: 已完成 | AC43: 2025-09-14 16:52 | AD43: 已完成 | AE43: 2025-09-14 17:19 | AF43: 已完成 | AG43: 2025-09-14 17:59 | AH43: 已完成 | AI43: 2025-09-15 10:16 | AJ43: 已完成 | AK43: 2025-10-18 12:32 | AL43: 已完成 | AM43: 2025-10-18 12:38 | AN43: 已完成 | AO43: 2025-10-18 13:12 | AP43: 已完成 | AQ43: 2025-10-18 13:33 | AR43: 已完成 | AS43: 2025-10-18 14:17 | AT43: 已完成 | AU43: 2025-11-11 13:01 | AV43: 已完成 | AW43: 2025-11-11 14:07 | AX43: 已完成 | AY43: 2025-11-11 14:12 | AZ43: 已完成 | BA43: 2025-11-21 21:44 | BB43: 已完成 | BC43: 2025-11-21 21:51 | BD43: 已完成 | BE43: 2025-11-21 21:52 | BF43: 已完成 | BG43: 2025-11-21 21:56 | BH43: 已完成 | BI43: 2025-11-21 21:58 | BJ43: 已完成 | BK43: 2025-11-21 22:02 | BL43: 已完成 | BM43: 2025-11-21 22:05 | BN43: 已完成 | BO43: 2025-11-21 22:08 | BP43: 已完成 | BQ43: 2025-11-21 22:10 | BR43: 已完成 | BS43: 2025-11-21 22:14 | BT43: 已完成 | BU43: 2025-11-21 22:15 | BV43: 已完成 | BW43: 2025-11-21 22:19 | BX43: 已完成 | BY43: 2026-01-09 19:30 | BZ43: 已完成 | CA43: 2026-01-15 19:34
A44: 詹庆 | B44: 2022210404 | C44: 计算机与信息工程学院（大学计算机教学部） | D44: 计算机科学与技术 | E44: 计科222 | F44: 已完成 | G44: 2025-09-10 10:02 | H44: 已完成 | I44: 2025-09-10 10:02 | J44: 已完成 | K44: 2025-09-10 10:03 | L44: 已完成 | M44: 2025-09-11 07:45 | N44: 已完成 | O44: 2025-09-11 07:46 | P44: 已完成 | Q44: 2025-09-11 07:47 | R44: 已完成 | S44: 2025-09-11 07:50 | T44: 已完成 | U44: 2025-09-11 08:24 | V44: 已完成 | W44: 2025-09-11 08:27 | X44: 已完成 | Y44: 2025-09-11 08:29 | Z44: 已完成 | AA44: 2025-09-18 07:59 | AB44: 已完成 | AC44: 2025-09-18 07:59 | AD44: 已完成 | AE44: 2025-09-18 08:02 | AF44: 已完成 | AG44: 2025-09-18 08:03 | AH44: 已完成 | AI44: 2025-09-18 08:09 | AJ44: 已完成 | AK44: 2025-09-18 08:09 | AL44: 已完成 | AM44: 2025-09-18 08:12 | AN44: 已完成 | AO44: 2025-09-18 08:25 | AP44: 已完成 | AQ44: 2025-09-18 08:28 | AR44: 已完成 | AS44: 2025-09-18 08:29 | AT44: 已完成 | AU44: 2025-09-28 09:59 | AV44: 已完成 | AW44: 2025-09-28 10:00 | AX44: 已完成 | AY44: 2025-09-28 10:06 | AZ44: 已完成 | BA44: 2025-09-28 10:07 | BB44: 已完成 | BC44: 2025-09-28 10:14 | BD44: 已完成 | BE44: 2025-09-28 10:19 | BF44: 已完成 | BG44: 2025-10-17 20:03 | BH44: 已完成 | BI44: 2025-09-28 10:24 | BJ44: 已完成 | BK44: 2025-09-28 10:29 | BL44: 已完成 | BM44: 2025-09-28 10:37 | BN44: 已完成 | BO44: 2025-10-08 13:26 | BP44: 已完成 | BQ44: 2025-10-08 13:26 | BR44: 已完成 | BS44: 2025-10-08 13:30 | BT44: 已完成 | BU44: 2025-10-08 13:31 | BV44: 已完成 | BW44: 2025-10-08 13:35 | BX44: 已完成 | BY44: 2026-01-09 19:17 | BZ44: 已完成 | CA44: 2026-01-15 17:34
A45: 张金龙 | B45: 2022210405 | C45: 计算机与信息工程学院（大学计算机教学部） | D45: 计算机科学与技术 | E45: 计科222 | F45: 已完成 | G45: 2025-09-04 08:08 | H45: 已完成 | I45: 2025-09-08 10:07 | J45: 已完成 | K45: 2025-09-08 10:07 | L45: 已完成 | M45: 2025-09-08 10:14 | N45: 已完成 | O45: 2025-09-08 10:14 | P45: 已完成 | Q45: 2025-09-10 10:44 | R45: 已完成 | S45: 2025-09-27 17:36 | T45: 已完成 | U45: 2025-09-27 17:36 | V45: 已完成 | W45: 2025-09-28 09:57 | X45: 已完成 | Y45: 2025-09-28 09:57 | Z45: 已完成 | AA45: 2025-10-09 07:58 | AB45: 已完成 | AC45: 2025-10-09 07:58 | AD45: 已完成 | AE45: 2025-10-09 08:11 | AF45: 已完成 | AG45: 2025-10-09 08:12 | AH45: 已完成 | AI45: 2025-10-09 08:19 | AJ45: 已完成 | AK45: 2025-10-09 08:19 | AL45: 已完成 | AM45: 2025-10-09 08:25 | AN45: 已完成 | AO45: 2025-10-09 08:26 | AP45: 已完成 | AQ45: 2025-10-09 08:30 | AR45: 已完成 | AS45: 2025-10-23 08:12 | AT45: 已完成 | AU45: 2025-10-23 08:17 | AV45: 已完成 | AW45: 2025-10-23 08:18 | AX45: 已完成 | AY45: 2025-10-23 08:23 | AZ45: 已完成 | BA45: 2025-11-03 09:46 | BB45: 已完成 | BC45: 2025-11-03 09:52 | BD45: 已完成 | BE45: 2025-11-03 09:54 | BF45: 已完成 | BG45: 2025-11-03 09:58 | BH45: 已完成 | BI45: 2025-11-03 09:58 | BJ45: 已完成 | BK45: 2025-11-03 10:02 | BL45: 已完成 | BM45: 2025-11-03 10:03 | BN45: 已完成 | BO45: 2025-11-03 10:06 | BP45: 已完成 | BQ45: 2025-11-03 10:06 | BR45: 已完成 | BS45: 2025-11-03 10:11 | BT45: 已完成 | BU45: 2025-11-03 10:11 | BV45: 已完成 | BW45: 2025-11-03 10:16 | BX45: 已完成 | BY45: 2026-01-06 22:17 | BZ45: 已完成 | CA45: 2026-01-15 17:53
A46: 张克 | B46: 2022210407 | C46: 计算机与信息工程学院（大学计算机教学部） | D46: 计算机科学与技术 | E46: 计科222 | F46: 已完成 | G46: 2025-09-14 15:39 | H46: 已完成 | I46: 2025-09-14 15:39 | J46: 已完成 | K46: 2025-09-14 15:39 | L46: 已完成 | M46: 2025-09-14 15:56 | N46: 已完成 | O46: 2025-09-14 15:57 | P46: 已完成 | Q46: 2025-09-14 15:58 | R46: 已完成 | S46: 2025-10-29 15:31 | T46: 已完成 | U46: 2025-10-29 15:32 | V46: 已完成 | W46: 2025-10-29 15:38 | X46: 已完成 | Y46: 2025-11-19 23:15 | Z46: 已完成 | AA46: 2025-11-20 13:03 | AB46: 已完成 | AC46: 2025-11-20 13:05 | AD46: 已完成 | AE46: 2025-11-20 13:09 | AF46: 已完成 | AG46: 2025-11-20 13:09 | AH46: 已完成 | AI46: 2025-11-20 13:16 | AJ46: 已完成 | AK46: 2025-11-20 13:19 | AL46: 已完成 | AM46: 2025-11-20 13:25 | AN46: 已完成 | AO46: 2025-11-20 13:25 | AP46: 已完成 | AQ46: 2025-11-20 13:30 | AR46: 已完成 | AS46: 2025-11-20 13:32 | AT46: 已完成 | AU46: 2025-11-20 13:37 | AV46: 已完成 | AW46: 2025-11-20 13:39 | AX46: 已完成 | AY46: 2025-11-20 13:44 | AZ46: 已完成 | BA46: 2025-11-20 13:46 | BB46: 已完成 | BC46: 2025-11-20 13:52 | BD46: 已完成 | BE46: 2025-11-20 13:53 | BF46: 已完成 | BG46: 2025-11-20 13:57 | BH46: 已完成 | BI46: 2025-11-20 13:58 | BJ46: 已完成 | BK46: 2025-11-20 14:01 | BL46: 已完成 | BM46: 2025-11-20 14:03 | BN46: 已完成 | BO46: 2025-11-20 14:06 | BP46: 已完成 | BQ46: 2025-11-20 14:12 | BR46: 已完成 | BS46: 2025-11-20 14:16 | BT46: 已完成 | BU46: 2025-11-20 14:17 | BV46: 已完成 | BW46: 2025-11-20 14:21 | BX46: 已完成 | BY46: 2026-01-09 20:08 | BZ46: 已完成 | CA46: 2026-01-15 17:33
A47: 张文抱 | B47: 2022210411 | C47: 计算机与信息工程学院（大学计算机教学部） | D47: 计算机科学与技术 | E47: 计科222 | F47: 已完成 | G47: 2025-09-04 08:06 | H47: 已完成 | I47: 2025-09-04 08:06 | J47: 已完成 | K47: 2025-09-04 08:07 | L47: 已完成 | M47: 2025-09-19 16:53 | N47: 已完成 | O47: 2025-09-19 16:54 | P47: 已完成 | Q47: 2025-09-19 16:54 | R47: 已完成 | S47: 2025-09-19 17:01 | T47: 已完成 | U47: 2025-09-19 17:02 | V47: 已完成 | W47: 2025-09-25 16:30 | X47: 已完成 | Y47: 2025-09-25 16:30 | Z47: 已完成 | AA47: 2025-09-28 10:27 | AB47: 已完成 | AC47: 2025-10-04 12:17 | AD47: 已完成 | AE47: 2025-10-04 12:19 | AF47: 已完成 | AG47: 2025-10-04 12:21 | AH47: 已完成 | AI47: 2025-10-04 12:24 | AJ47: 已完成 | AK47: 2025-10-04 12:25 | AL47: 已完成 | AM47: 2025-10-04 12:28 | AN47: 已完成 | AO47: 2025-10-04 12:29 | AP47: 已完成 | AQ47: 2025-10-04 12:31 | AR47: 已完成 | AS47: 2025-10-04 12:32 | AT47: 已完成 | AU47: 2025-10-04 12:35 | AV47: 已完成 | AW47: 2025-10-04 12:38 | AX47: 已完成 | AY47: 2025-10-04 12:41 | AZ47: 已完成 | BA47: 2025-10-04 12:41 | BB47: 已完成 | BC47: 2025-10-04 12:45 | BD47: 已完成 | BE47: 2025-10-04 13:37 | BF47: 已完成 | BG47: 2025-10-19 22:06 | BH47: 已完成 | BI47: 2025-10-04 13:40 | BJ47: 已完成 | BK47: 2025-10-04 13:43 | BL47: 已完成 | BM47: 2025-10-04 13:44 | BN47: 已完成 | BO47: 2025-10-04 13:46 | BP47: 已完成 | BQ47: 2025-10-04 13:47 | BR47: 已完成 | BS47: 2025-10-04 13:49 | BT47: 已完成 | BU47: 2025-10-04 13:50 | BV47: 已完成 | BW47: 2025-10-04 13:52 | BX47: 已完成 | BY47: 2026-01-01 11:04 | BZ47: 已完成 | CA47: 2026-01-15 18:00
A48: 张玉妍 | B48: 2022210414 | C48: 计算机与信息工程学院（大学计算机教学部） | D48: 计算机科学与技术 | E48: 计科222 | F48: 已完成 | G48: 2025-09-08 10:07 | H48: 已完成 | I48: 2025-09-08 10:09 | J48: 已完成 | K48: 2025-09-04 08:09 | L48: 已完成 | M48: 2025-09-10 10:17 | N48: 已完成 | O48: 2025-09-10 10:18 | P48: 已完成 | Q48: 2025-09-10 10:19 | R48: 已完成 | S48: 2025-09-10 10:50 | T48: 已完成 | U48: 2025-09-10 10:51 | V48: 已完成 | W48: 2025-09-10 10:58 | X48: 已完成 | Y48: 2025-09-10 10:59 | Z48: 已完成 | AA48: 2025-09-10 11:35 | AB48: 已完成 | AC48: 2025-09-11 07:54 | AD48: 已完成 | AE48: 2025-09-23 16:14 | AF48: 已完成 | AG48: 2025-09-23 16:19 | AH48: 已完成 | AI48: 2025-09-23 16:25 | AJ48: 已完成 | AK48: 2025-09-23 16:26 | AL48: 已完成 | AM48: 2025-09-23 16:31 | AN48: 已完成 | AO48: 2025-09-23 16:33 | AP48: 已完成 | AQ48: 2025-09-23 16:37 | AR48: 已完成 | AS48: 2025-09-28 10:04 | AT48: 已完成 | AU48: 2025-09-28 10:33 | AV48: 已完成 | AW48: 2025-10-09 08:28 | AX48: 已完成 | AY48: 2025-10-09 08:34 | AZ48: 已完成 | BA48: 2025-10-09 08:36 | BB48: 已完成 | BC48: 2025-10-22 10:07 | BD48: 已完成 | BE48: 2025-10-22 10:13 | BF48: 已完成 | BG48: 2025-10-22 11:21 | BH48: 已完成 | BI48: 2025-10-22 11:30 | BJ48: 已完成 | BK48: 2025-10-22 11:34 | BL48: 已完成 | BM48: 2025-10-22 11:37 | BN48: 已完成 | BO48: 2025-10-23 08:04 | BP48: 已完成 | BQ48: 2025-10-23 08:05 | BR48: 已完成 | BS48: 2025-10-23 08:10 | BT48: 已完成 | BU48: 2025-10-23 08:13 | BV48: 已完成 | BW48: 2025-10-23 08:18 | BX48: 已完成 | BY48: 2026-01-09 19:21 | BZ48: 已完成 | CA48: 2026-01-15 18:56
A49: 赵杰 | B49: 2022210416 | C49: 计算机与信息工程学院（大学计算机教学部） | D49: 计算机科学与技术 | E49: 计科222 | F49: 已完成 | G49: 2025-09-10 10:22 | H49: 已完成 | I49: 2025-09-25 08:10 | J49: 已完成 | K49: 2025-09-25 08:10 | L49: 已完成 | M49: 2025-09-28 13:43 | N49: 已完成 | O49: 2025-09-28 13:45 | P49: 已完成 | Q49: 2025-09-28 13:46 | R49: 已完成 | S49: 2025-09-28 13:50 | T49: 已完成 | U49: 2025-09-28 13:51 | V49: 已完成 | W49: 2025-09-28 13:55 | X49: 已完成 | Y49: 2025-09-28 13:57 | Z49: 已完成 | AA49: 2025-09-28 14:05 | AB49: 已完成 | AC49: 2025-09-28 14:13 | AD49: 已完成 | AE49: 2025-09-28 14:17 | AF49: 已完成 | AG49: 2025-09-28 14:17 | AH49: 已完成 | AI49: 2025-09-28 14:22 | AJ49: 已完成 | AK49: 2025-09-28 14:25 | AL49: 已完成 | AM49: 2025-09-28 14:29 | AN49: 已完成 | AO49: 2025-09-28 14:30 | AP49: 已完成 | AQ49: 2025-09-28 14:33 | AR49: 已完成 | AS49: 2025-09-28 14:36 | AT49: 已完成 | AU49: 2025-09-28 14:40 | AV49: 已完成 | AW49: 2025-09-28 14:51 | AX49: 已完成 | AY49: 2025-09-28 14:55 | AZ49: 已完成 | BA49: 2025-09-28 14:59 | BB49: 已完成 | BC49: 2025-09-28 15:03 | BD49: 已完成 | BE49: 2025-09-28 15:05 | BF49: 已完成 | BG49: 2025-11-19 17:57 | BH49: 已完成 | BI49: 2025-09-28 15:14 | BJ49: 已完成 | BK49: 2025-09-28 15:17 | BL49: 已完成 | BM49: 2025-09-28 15:23 | BN49: 已完成 | BO49: 2025-09-28 15:26 | BP49: 已完成 | BQ49: 2025-09-28 15:27 | BR49: 已完成 | BS49: 2025-09-28 15:30 | BT49: 已完成 | BU49: 2025-09-28 15:31 | BV49: 已完成 | BW49: 2025-09-28 15:34 | BX49: 已完成 | BY49: 2026-01-01 12:00 | BZ49: 已完成 | CA49: 2026-01-15 17:43
A50: 郑存耀 | B50: 2022210417 | C50: 计算机与信息工程学院（大学计算机教学部） | D50: 计算机科学与技术 | E50: 计科222 | F50: 已完成 | G50: 2025-09-28 10:06 | H50: 已完成 | I50: 2025-09-28 10:06 | J50: 已完成 | K50: 2025-09-28 10:06 | L50: 已完成 | M50: 2025-09-28 10:09 | N50: 已完成 | O50: 2025-09-28 10:10 | P50: 已完成 | Q50: 2025-09-28 10:11 | R50: 已完成 | S50: 2025-09-28 10:14 | T50: 已完成 | U50: 2025-09-28 10:15 | V50: 已完成 | W50: 2025-09-28 10:19 | X50: 已完成 | Y50: 2025-09-28 10:19 | Z50: 已完成 | AA50: 2025-09-28 10:30 | AB50: 已完成 | AC50: 2025-09-28 10:32 | AD50: 已完成 | AE50: 2025-09-28 10:34 | AF50: 已完成 | AG50: 2025-09-28 10:35 | AH50: 已完成 | AI50: 2025-09-28 10:39 | AJ50: 已完成 | AK50: 2025-09-28 10:40 | AL50: 已完成 | AM50: 2025-09-28 10:44 | AN50: 已完成 | AO50: 2025-09-28 10:45 | AP50: 已完成 | AQ50: 2025-09-28 10:47 | AR50: 已完成 | AS50: 2025-09-28 10:48 | AT50: 已完成 | AU50: 2025-09-28 10:51 | AV50: 已完成 | AW50: 2025-11-20 11:53 | AX50: 已完成 | AY50: 2025-11-20 11:56 | AZ50: 已完成 | BA50: 2025-11-20 11:57 | BB50: 已完成 | BC50: 2025-11-20 12:01 | BD50: 已完成 | BE50: 2025-11-20 12:01 | BF50: 已完成 | BG50: 2025-11-20 12:09 | BH50: 已完成 | BI50: 2025-11-20 12:09 | BJ50: 已完成 | BK50: 2025-11-20 12:11 | BL50: 已完成 | BM50: 2025-11-20 12:12 | BN50: 已完成 | BO50: 2025-11-20 12:19 | BP50: 已完成 | BQ50: 2025-11-20 12:19 | BR50: 已完成 | BS50: 2025-11-20 12:25 | BT50: 已完成 | BU50: 2025-11-20 12:26 | BV50: 已完成 | BW50: 2025-11-20 12:28 | BX50: 未完成 | BZ50: 未完成
A51: 周宇 | B51: 2022210422 | C51: 计算机与信息工程学院（大学计算机教学部） | D51: 计算机科学与技术 | E51: 计科222 | F51: 已完成 | G51: 2025-09-27 17:21 | H51: 已完成 | I51: 2025-09-27 17:21 | J51: 已完成 | K51: 2025-09-27 17:22 | L51: 已完成 | M51: 2025-09-27 17:26 | N51: 已完成 | O51: 2025-09-27 17:43 | P51: 已完成 | Q51: 2025-09-27 18:08 | R51: 已完成 | S51: 2025-09-27 18:23 | T51: 已完成 | U51: 2025-09-27 18:49 | V51: 已完成 | W51: 2025-09-27 21:02 | X51: 已完成 | Y51: 2025-09-27 21:03 | Z51: 已完成 | AA51: 2025-09-27 21:13 | AB51: 已完成 | AC51: 2025-09-27 21:17 | AD51: 已完成 | AE51: 2025-09-27 21:21 | AF51: 已完成 | AG51: 2025-09-27 21:22 | AH51: 已完成 | AI51: 2025-09-27 21:29 | AJ51: 已完成 | AK51: 2025-09-27 21:40 | AL51: 已完成 | AM51: 2025-09-27 21:46 | AN51: 已完成 | AO51: 2025-09-27 22:04 | AP51: 已完成 | AQ51: 2025-09-27 22:23 | AR51: 已完成 | AS51: 2025-09-27 22:24 | AT51: 已完成 | AU51: 2025-09-27 22:30 | AV51: 已完成 | AW51: 2025-09-27 22:42 | AX51: 已完成 | AY51: 2025-09-27 23:13 | AZ51: 已完成 | BA51: 2025-09-27 23:15 | BB51: 已完成 | BC51: 2025-09-27 23:21 | BD51: 已完成 | BE51: 2025-09-27 23:22 | BF51: 未完成 | BH51: 已完成 | BI51: 2025-09-27 23:28 | BJ51: 已完成 | BK51: 2025-09-27 23:32 | BL51: 已完成 | BM51: 2025-09-27 23:49 | BN51: 已完成 | BO51: 2025-09-27 23:36 | BP51: 已完成 | BQ51: 2025-09-27 23:50 | BR51: 已完成 | BS51: 2025-09-27 23:54 | BT51: 已完成 | BU51: 2025-09-27 23:56 | BV51: 已完成 | BW51: 2025-09-28 00:00 | BX51: 已完成 | BY51: 2026-01-09 19:21 | BZ51: 未完成
A52: 朱传双 | B52: 2022210423 | C52: 计算机与信息工程学院（大学计算机教学部） | D52: 计算机科学与技术 | E52: 计科222 | F52: 已完成 | G52: 2025-09-04 08:09 | H52: 已完成 | I52: 2025-09-11 08:02 | J52: 已完成 | K52: 2025-09-11 08:03 | L52: 已完成 | M52: 2025-09-11 08:18 | N52: 已完成 | O52: 2025-09-11 08:20 | P52: 已完成 | Q52: 2025-09-12 22:41 | R52: 已完成 | S52: 2025-09-27 17:25 | T52: 已完成 | U52: 2025-09-27 17:39 | V52: 已完成 | W52: 2025-09-27 17:44 | X52: 已完成 | Y52: 2025-09-28 10:23 | Z52: 已完成 | AA52: 2025-09-29 10:38 | AB52: 已完成 | AC52: 2025-09-29 10:47 | AD52: 已完成 | AE52: 2025-09-29 10:59 | AF52: 已完成 | AG52: 2025-09-29 11:10 | AH52: 已完成 | AI52: 2025-09-29 11:17 | AJ52: 已完成 | AK52: 2025-09-29 11:17 | AL52: 已完成 | AM52: 2025-09-29 11:23 | AN52: 已完成 | AO52: 2025-09-29 11:24 | AP52: 已完成 | AQ52: 2025-09-29 11:29 | AR52: 已完成 | AS52: 2025-09-29 11:30 | AT52: 已完成 | AU52: 2025-09-29 11:36 | AV52: 已完成 | AW52: 2025-09-29 11:40 | AX52: 已完成 | AY52: 2025-10-05 12:50 | AZ52: 已完成 | BA52: 2025-10-05 12:52 | BB52: 已完成 | BC52: 2025-10-05 12:55 | BD52: 已完成 | BE52: 2025-10-05 12:56 | BF52: 已完成 | BG52: 2025-10-19 21:46 | BH52: 已完成 | BI52: 2025-10-05 12:59 | BJ52: 已完成 | BK52: 2025-10-05 13:01 | BL52: 已完成 | BM52: 2025-10-05 13:03 | BN52: 已完成 | BO52: 2025-10-05 13:05 | BP52: 已完成 | BQ52: 2025-10-05 13:05 | BR52: 已完成 | BS52: 2025-10-05 13:08 | BT52: 已完成 | BU52: 2025-10-05 13:09 | BV52: 已完成 | BW52: 2025-10-05 13:12 | BX52: 已完成 | BY52: 2026-01-05 15:15 | BZ52: 已完成 | CA52: 2026-01-15 17:52
A53: 朱世俊 | B53: 2022210428 | C53: 计算机与信息工程学院（大学计算机教学部） | D53: 计算机科学与技术 | E53: 计科222 | F53: 已完成 | G53: 2025-09-10 10:18 | H53: 已完成 | I53: 2025-09-10 10:18 | J53: 已完成 | K53: 2025-09-10 10:18 | L53: 已完成 | M53: 2025-09-10 10:28 | N53: 已完成 | O53: 2025-09-10 10:28 | P53: 已完成 | Q53: 2025-09-15 10:03 | R53: 已完成 | S53: 2025-09-15 10:13 | T53: 已完成 | U53: 2025-09-15 10:18 | V53: 已完成 | W53: 2025-11-26 19:44 | X53: 已完成 | Y53: 2025-11-26 19:45 | Z53: 已完成 | AA53: 2025-11-26 19:57 | AB53: 已完成 | AC53: 2025-11-27 08:49 | AD53: 已完成 | AE53: 2025-11-27 08:54 | AF53: 已完成 | AG53: 2025-11-27 08:54 | AH53: 已完成 | AI53: 2025-11-27 09:02 | AJ53: 已完成 | AK53: 2025-11-27 09:02 | AL53: 已完成 | AM53: 2025-11-27 09:41 | AN53: 已完成 | AO53: 2025-11-27 09:42 | AP53: 已完成 | AQ53: 2025-11-27 09:50 | AR53: 已完成 | AS53: 2025-11-27 09:50 | AT53: 已完成 | AU53: 2025-11-27 10:00 | AV53: 已完成 | AW53: 2025-11-27 10:01 | AX53: 已完成 | AY53: 2025-11-27 15:14 | AZ53: 已完成 | BA53: 2025-11-27 15:21 | BB53: 已完成 | BC53: 2025-11-29 08:57 | BD53: 已完成 | BE53: 2025-11-29 09:01 | BF53: 已完成 | BG53: 2025-11-29 09:06 | BH53: 已完成 | BI53: 2025-11-29 09:06 | BJ53: 已完成 | BK53: 2025-11-29 09:11 | BL53: 已完成 | BM53: 2025-11-29 09:12 | BN53: 已完成 | BO53: 2025-11-29 09:15 | BP53: 已完成 | BQ53: 2025-11-29 09:16 | BR53: 已完成 | BS53: 2025-11-29 09:22 | BT53: 已完成 | BU53: 2025-11-29 09:22 | BV53: 已完成 | BW53: 2025-11-29 09:28 | BX53: 已完成 | BY53: 2026-01-09 19:18 | BZ53: 已完成 | CA53: 2026-01-15 18:03
A54: 祝文耿 | B54: 2022210429 | C54: 计算机与信息工程学院（大学计算机教学部） | D54: 计算机科学与技术 | E54: 计科222 | F54: 已完成 | G54: 2025-09-04 08:15 | H54: 已完成 | I54: 2025-09-04 08:15 | J54: 已完成 | K54: 2025-09-04 08:15 | L54: 已完成 | M54: 2025-09-25 08:17 | N54: 已完成 | O54: 2025-09-04 08:33 | P54: 已完成 | Q54: 2025-09-25 08:17 | R54: 已完成 | S54: 2025-09-25 08:21 | T54: 已完成 | U54: 2025-09-25 08:21 | V54: 已完成 | W54: 2025-09-25 08:26 | X54: 已完成 | Y54: 2025-09-25 08:28 | Z54: 已完成 | AA54: 2025-09-25 08:35 | AB54: 已完成 | AC54: 2025-09-28 10:05 | AD54: 已完成 | AE54: 2025-09-28 10:09 | AF54: 已完成 | AG54: 2025-09-28 10:11 | AH54: 已完成 | AI54: 2025-09-28 10:14 | AJ54: 已完成 | AK54: 2025-09-28 10:15 | AL54: 已完成 | AM54: 2025-09-28 10:21 | AN54: 已完成 | AO54: 2025-09-28 10:22 | AP54: 已完成 | AQ54: 2025-09-28 10:26 | AR54: 已完成 | AS54: 2025-10-09 08:00 | AT54: 已完成 | AU54: 2025-10-09 08:57 | AV54: 已完成 | AW54: 2025-10-09 09:17 | AX54: 已完成 | AY54: 2025-10-09 09:22 | AZ54: 已完成 | BA54: 2025-10-13 10:36 | BB54: 已完成 | BC54: 2025-10-13 10:43 | BD54: 已完成 | BE54: 2025-10-13 10:44 | BF54: 已完成 | BG54: 2025-10-16 07:59 | BH54: 已完成 | BI54: 2025-10-13 10:49 | BJ54: 已完成 | BK54: 2025-10-13 10:53 | BL54: 已完成 | BM54: 2025-10-13 10:54 | BN54: 已完成 | BO54: 2025-10-16 08:03 | BP54: 已完成 | BQ54: 2025-10-16 08:05 | BR54: 已完成 | BS54: 2025-10-16 08:09 | BT54: 已完成 | BU54: 2025-10-16 08:09 | BV54: 已完成 | BW54: 2025-10-16 08:14 | BX54: 已完成 | BY54: 2026-01-09 19:18 | BZ54: 已完成 | CA54: 2026-01-15 17:39
A55: 宗梦晴 | B55: 2022210430 | C55: 计算机与信息工程学院（大学计算机教学部） | D55: 计算机科学与技术 | E55: 计科222 | F55: 已完成 | G55: 2025-09-04 08:57 | H55: 已完成 | I55: 2025-09-04 09:02 | J55: 已完成 | K55: 2025-09-04 09:02 | L55: 已完成 | M55: 2025-09-07 20:09 | N55: 已完成 | O55: 2025-09-07 20:11 | P55: 已完成 | Q55: 2025-09-04 09:19 | R55: 已完成 | S55: 2025-09-07 20:20 | T55: 已完成 | U55: 2025-09-10 11:20 | V55: 已完成 | W55: 2025-09-28 11:27 | X55: 已完成 | Y55: 2025-09-28 11:35 | Z55: 已完成 | AA55: 2025-09-28 11:40 | AB55: 已完成 | AC55: 2025-09-28 11:41 | AD55: 已完成 | AE55: 2025-09-28 11:44 | AF55: 已完成 | AG55: 2025-09-28 11:45 | AH55: 已完成 | AI55: 2025-09-28 11:48 | AJ55: 已完成 | AK55: 2025-09-28 11:50 | AL55: 已完成 | AM55: 2025-09-28 11:53 | AN55: 已完成 | AO55: 2025-11-01 18:35 | AP55: 已完成 | AQ55: 2025-11-01 18:39 | AR55: 已完成 | AS55: 2025-11-01 18:55 | AT55: 已完成 | AU55: 2025-11-01 18:58 | AV55: 已完成 | AW55: 2025-11-01 18:59 | AX55: 已完成 | AY55: 2025-11-01 19:02 | AZ55: 已完成 | BA55: 2025-11-01 19:03 | BB55: 已完成 | BC55: 2025-11-01 19:06 | BD55: 已完成 | BE55: 2025-11-06 10:06 | BF55: 已完成 | BG55: 2025-11-06 10:10 | BH55: 已完成 | BI55: 2025-11-06 10:12 | BJ55: 已完成 | BK55: 2025-11-06 10:14 | BL55: 已完成 | BM55: 2025-11-06 10:15 | BN55: 已完成 | BO55: 2025-11-06 10:17 | BP55: 已完成 | BQ55: 2025-11-06 10:18 | BR55: 已完成 | BS55: 2025-11-06 10:21 | BT55: 已完成 | BU55: 2025-11-06 10:21 | BV55: 已完成 | BW55: 2025-11-06 10:24 | BX55: 已完成 | BY55: 2026-01-01 17:56 | BZ55: 已完成 | CA55: 2026-01-15 17:33

Sheet 音视频观看详情
A1: 音视频观看详情
A2: 课程：移动应用开发 班级：计科22选49 任课教师：刘东良 导出时间：2026-01-21 01:17:52
A3: 学生姓名 | B3: 学号/工号 | C3: 院系 | D3: 专业 | E3: 班级 | F3: 教学案例 | J3: 第一章 移动应用开发技术体系1 | N3: 第一章 移动应用开发技术体系2 | R3: 第二章 原生开发基础1 | V3: 第二章 原生开发基础2 | Z3: 第三章 混合开发技术1 | AD3: 第三章 混合开发技术2 | AH3: 第三章 混合开发技术3 | AL3: 第四章 小程序开发1 | AP3: 第四章 小程序开发2 | AT3: 第五章 华为多端应用开发1 | AX3: 第五章 华为多端应用开发2 | BB3: 第五章 华为多端应用开发3 | BF3: 第六章 综合开发实践1 | BJ3: 第六章 综合开发实践2 | BN3: 第六章 综合开发实践3
F4: 1c029654795cf1e1be5da6ed5ee4cfac.mp4(4.9分钟) | J4: 第一章 移动应用开发技术体系1.mp4(6.1分钟) | N4: 第一章 移动应用开发技术体系2.mp4(5.6分钟) | R4: 第二章 原生开发基础1.mp4(11.5分钟) | V4: 第二章 原生开发基础2.mp4(4.2分钟) | Z4: 第三章 混合开发技术1.mp4(6.1分钟) | AD4: 第三章 混合开发技术2.mp4(5.0分钟) | AH4: 第三章 混合开发技术3.mp4(4.6分钟) | AL4: 第四章 小程序开发1.mp4(5.2分钟) | AP4: 第四章 小程序开发2.mp4(5.7分钟) | AT4: 第五章 华为多端应用开发1.mp4(6.6分钟) | AX4: 第五章 华为多端应用开发2(1).mp4(4.4分钟) | BB4: 第五章 华为多端应用开发3.mp4(3.5分钟) | BF4: 第六章 综合开发实践1.mp4(3.4分钟) | BJ4: 第六章 综合开发实践2.mp4(3.9分钟) | BN4: 第六章 综合开发实践3.mp4(4.1分钟)
F5: 开始时间 | G5: 结束时间 | H5: 反刍比 | I5: 观看时长 | J5: 开始时间 | K5: 结束时间 | L5: 反刍比 | M5: 观看时长 | N5: 开始时间 | O5: 结束时间 | P5: 反刍比 | Q5: 观看时长 | R5: 开始时间 | S5: 结束时间 | T5: 反刍比 | U5: 观看时长 | V5: 开始时间 | W5: 结束时间 | X5: 反刍比 | Y5: 观看时长 | Z5: 开始时间 | AA5: 结束时间 | AB5: 反刍比 | AC5: 观看时长 | AD5: 开始时间 | AE5: 结束时间 | AF5: 反刍比 | AG5: 观看时长 | AH5: 开始时间 | AI5: 结束时间 | AJ5: 反刍比 | AK5: 观看时长 | AL5: 开始时间 | AM5: 结束时间 | AN5: 反刍比 | AO5: 观看时长 | AP5: 开始时间 | AQ5: 结束时间 | AR5: 反刍比 | AS5: 观看时长 | AT5: 开始时间 | AU5: 结束时间 | AV5: 反刍比 | AW5: 观看时长 | AX5: 开始时间 | AY5: 结束时间 | AZ5: 反刍比 | BA5: 观看时长 | BB5: 开始时间 | BC5: 结束时间 | BD5: 反刍比 | BE5: 观看时长 | BF5: 开始时间 | BG5: 结束时间 | BH5: 反刍比 | BI5: 观看时长 | BJ5: 开始时间 | BK5: 结束时间 | BL5: 反刍比 | BM5: 观看时长 | BN5: 开始时间 | BO5: 结束时间 | BP5: 反刍比 | BQ5: 观看时长
A6: 张梦杰 | B6: 2020211034 | C6: 计算机与信息工程学院（大学计算机教学部） | D6: 计算机科学与技术 | E6: 计科222 | F6: 2025-09-12 21:40 | G6: 2025-09-12 21:51 | H6: 1.6001 | I6: 7.8分钟 | J6: 2025-09-12 23:20 | K6: 2025-09-12 23:26 | L6: 1.0018 | M6: 6.1分钟 | N6: 2025-09-12 23:27 | O6: 2025-09-12 23:32 | P6: 1.0004 | Q6: 5.6分钟 | R6: 2025-09-27 17:21 | S6: 2025-09-27 17:31 | T6: 0.9989 | U6: 11.5分钟 | V6: 2025-09-27 17:44 | W6: 2025-09-27 17:48 | X6: 0.9978 | Y6: 4.2分钟 | Z6: 2025-09-27 17:53 | AA6: 2025-09-27 17:59 | AB6: 0.9986 | AC6: 6.1分钟 | AD6: 2025-09-27 18:01 | AE6: 2025-09-27 18:06 | AF6: 0.9995 | AG6: 5.0分钟 | AH6: 2025-09-27 18:07 | AI6: 2025-09-27 18:11 | AJ6: 0.9973 | AK6: 4.6分钟 | AL6: 2025-09-27 18:15 | AM6: 2025-09-27 18:20 | AN6: 0.9985 | AO6: 5.2分钟 | AP6: 2025-10-25 20:40 | AQ6: 2025-10-25 20:45 | AR6: 0.8721 | AS6: 5.0分钟 | AT6: 2025-10-25 20:46 | AU6: 2025-10-25 20:52 | AV6: 0.9994 | AW6: 6.5分钟 | AX6: 2025-10-25 21:32 | AY6: 2025-10-25 21:36 | AZ6: 1.0012 | BA6: 4.4分钟 | BB6: 2025-10-25 21:49 | BC6: 2025-10-25 21:52 | BD6: 0.9981 | BE6: 3.5分钟 | BF6: 2026-01-01 23:42 | BG6: 2026-01-01 23:45 | BH6: 1.2865 | BI6: 4.4分钟 | BJ6: 2026-01-01 23:47 | BK6: 2026-01-01 23:51 | BL6: 1.2368 | BM6: 4.8分钟 | BN6: 2026-01-01 23:53 | BO6: 2026-01-01 23:57 | BP6: 1.0066 | BQ6: 4.1分钟
A7: 童其凡 | B7: 2020213700 | C7: 计算机与信息工程学院（大学计算机教学部） | D7: 计算机科学与技术 | E7: 计科222 | F7: 2025-09-07 20:46 | G7: 2025-09-07 20:51 | H7: 1.2089 | I7: 5.9分钟 | J7: 2025-09-07 20:53 | K7: 2025-09-07 20:59 | L7: 1.1622 | M7: 7.0分钟 | N7: 2025-09-09 09:10 | O7: 2025-09-09 09:15 | P7: 2.0329 | Q7: 11.4分钟 | R7: 2025-09-13 16:36 | S7: 2025-09-13 16:47 | T7: 0.9131 | U7: 10.5分钟 | V7: 2025-09-18 07:58 | W7: 2025-09-18 08:03 | X7: 2.4338 | Y7: 10.2分钟 | Z7: 2025-09-18 08:06 | AA7: 2025-09-18 08:12 | AB7: 1.0002 | AC7: 6.1分钟 | AD7: 2025-09-18 08:15 | AE7: 2025-09-18 08:21 | AF7: 1.1253 | AG7: 5.6分钟 | AH7: 2025-09-18 08:25 | AI7: 2025-09-18 08:58 | AJ7: 1.0008 | AK7: 4.6分钟 | AL7: 2025-09-28 10:08 | AM7: 2025-09-28 10:13 | AN7: 0.9238 | AO7: 4.8分钟 | AP7: 2025-09-28 10:19 | AQ7: 2025-09-28 10:24 | AR7: 0.8926 | AS7: 5.1分钟 | AT7: 2025-09-28 10:26 | AU7: 2025-09-28 10:31 | AV7: 0.8001 | AW7: 5.2分钟 | AX7: 2025-10-23 08:05 | AY7: 2025-10-23 08:09 | AZ7: 1.0022 | BA7: 4.4分钟 | BB7: 2025-10-09 08:30 | BC7: 2025-10-09 08:33 | BD7: 0.971 | BE7: 3.4分钟 | BF7: 2025-10-23 08:10 | BG7: 2025-10-23 08:14 | BH7: 1.1726 | BI7: 4.0分钟 | BJ7: 2025-10-23 08:16 | BK7: 2025-10-23 08:20 | BL7: 1.0006 | BM7: 3.9分钟 | BN7: 2025-10-23 08:23 | BO7: 2025-10-23 08:27 | BP7: 0.9544 | BQ7: 3.9分钟
A8: 曹安晨 | B8: 2022210331 | C8: 计算机与信息工程学院（大学计算机教学部） | D8: 计算机科学与技术 | E8: 计科221 | F8: 2025-09-11 08:16 | G8: 2025-09-18 08:50 | H8: 0.6543 | I8: 3.2分钟 | J8: 2025-09-18 08:51 | K8: 2025-09-18 08:55 | L8: 0.6652 | M8: 4.0分钟 | N8: 2025-09-18 08:56 | O8: 2025-09-18 08:59 | P8: 0.6803 | Q8: 3.8分钟 | R8: 2025-09-22 10:06 | S8: 2025-09-22 10:16 | T8: 1.0849 | U8: 12.5分钟 | V8: 2025-09-22 10:23 | W8: 2025-09-22 10:27 | X8: 0.9977 | Y8: 4.2分钟 | Z8: 2025-09-22 10:30 | AA8: 2025-09-22 10:36 | AB8: 1.0006 | AC8: 6.1分钟 | AD8: 2025-09-22 10:40 | AE8: 2025-09-22 10:45 | AF8: 1.0049 | AG8: 5.0分钟 | AH8: 2025-10-04 19:05 | AI8: 2025-10-04 19:10 | AJ8: 0.999 | AK8: 4.6分钟 | AL8: 2025-10-04 19:59 | AM8: 2025-10-04 20:05 | AN8: 0.9989 | AO8: 5.2分钟 | AP8: 2025-10-04 20:17 | AQ8: 2025-10-04 20:22 | AR8: 1.0004 | AS8: 5.7分钟 | AT8: 2025-10-04 20:28 | AU8: 2025-10-04 20:31 | AV8: 0.5056 | AW8: 3.3分钟 | AX8: 2025-10-23 08:05 | AY8: 2025-10-23 08:09 | AZ8: 1.002 | BA8: 4.4分钟 | BB8: 2025-10-04 20:57 | BC8: 2025-10-04 20:58 | BD8: 0.5031 | BE8: 1.8分钟 | BF8: 2025-10-04 21:16 | BG8: 2025-10-04 21:17 | BH8: 0.5062 | BI8: 1.7分钟 | BJ8: 2025-10-04 21:18 | BK8: 2025-10-04 21:20 | BL8: 0.5003 | BM8: 1.9分钟 | BN8: 2025-10-04 21:21 | BO8: 2025-10-04 21:23 | BP8: 0.4994 | BQ8: 2.0分钟
A9: 陈晨 | B9: 2022210332 | C9: 计算机与信息工程学院（大学计算机教学部） | D9: 计算机科学与技术 | E9: 计科221 | F9: 2025-09-05 08:38 | G9: 2025-09-05 14:49 | H9: 0.9569 | I9: 4.7分钟 | J9: 2025-09-05 14:57 | K9: 2025-09-05 15:20 | L9: 0.9584 | M9: 5.8分钟 | N9: 2025-09-05 15:38 | O9: 2025-09-05 15:42 | P9: 0.6195 | Q9: 3.5分钟 | R9: 2025-09-11 08:09 | S9: 2025-09-11 08:19 | T9: 0.5812 | U9: 6.7分钟 | V9: 2025-09-13 09:01 | W9: 2025-09-13 09:04 | X9: 0.6742 | Y9: 2.8分钟 | Z9: 2025-09-13 09:07 | AA9: 2025-09-13 09:10 | AB9: 0.4999 | AC9: 3.0分钟 | AD9: 2025-09-18 08:33 | AE9: 2025-09-18 08:39 | AF9: 1.2306 | AG9: 6.2分钟 | AH9: 2025-09-18 08:48 | AI9: 2025-09-18 08:52 | AJ9: 0.9986 | AK9: 4.6分钟 | AL9: 2025-09-18 09:00 | AM9: 2025-09-18 09:05 | AN9: 1.0012 | AO9: 5.2分钟 | AP9: 2025-09-18 09:28 | AQ9: 2025-09-18 09:33 | AR9: 0.9998 | AS9: 5.7分钟 | AT9: 2025-09-24 10:51 | AU9: 2025-09-25 08:25 | AV9: 1.004 | AW9: 6.6分钟 | AX9: 2025-10-13 20:59 | AY9: 2025-10-13 21:04 | AZ9: 1.1705 | BA9: 5.2分钟 | BB9: 2025-09-25 08:31 | BC9: 2025-09-25 08:35 | BD9: 1.1942 | BE9: 4.2分钟 | BF9: 2025-09-25 08:40 | BG9: 2025-09-25 08:44 | BH9: 1.173 | BI9: 4.0分钟 | BJ9: 2025-09-25 08:52 | BK9: 2025-09-25 09:03 | BL9: 1.26 | BM9: 4.9分钟 | BN9: 2025-09-25 09:05 | BO9: 2025-09-25 09:10 | BP9: 1.1291 | BQ9: 4.6分钟
A10: 陈创东 | B10: 2022210333 | C10: 计算机与信息工程学院（大学计算机教学部） | D10: 计算机科学与技术 | E10: 计科221 | F10: 2025-09-09 22:15 | G10: 2025-09-09 22:19 | H10: 0.7556 | I10: 3.7分钟 | J10: 2025-09-04 09:04 | K10: 2025-09-04 09:11 | L10: 1.826 | M10: 11.1分钟 | N10: 2025-09-04 09:21 | O10: 2025-09-04 09:26 | P10: 2.1501 | Q10: 12.1分钟 | R10: 2025-09-27 17:41 | S10: 2025-09-27 17:54 | T10: 1.7721 | U10: 20.4分钟 | V10: 2025-09-27 18:03 | W10: 2025-09-27 18:05 | X10: 0.534 | Y10: 2.2分钟 | Z10: 2025-10-08 18:47 | AA10: 2025-10-13 10:42 | AB10: 0.7934 | AC10: 4.8分钟 | AD10: 2025-10-13 10:43 | AE10: 2025-10-13 10:54 | AF10: 1.3992 | AG10: 7.0分钟 | AH10: 2025-10-13 10:56 | AI10: 2025-10-13 11:00 | AJ10: 0.9978 | AK10: 4.6分钟 | AL10: 2025-10-14 17:10 | AM10: 2025-10-14 17:14 | AN10: 0.7901 | AO10: 4.1分钟 | AP10: 2025-10-14 17:14 | AQ10: 2025-10-14 17:18 | AR10: 0.7373 | AS10: 4.2分钟 | AT10: 2025-10-20 10:05 | AU10: 2025-10-23 08:10 | AV10: 1.171 | AW10: 7.7分钟 | AX10: 2025-10-23 08:13 | AY10: 2025-10-23 08:20 | AZ10: 1.3643 | BA10: 6.0分钟 | BB10: 2025-10-23 08:21 | BC10: 2025-10-23 08:25 | BD10: 1.0148 | BE10: 3.5分钟 | BF10: 2025-10-23 08:25 | BG10: 2025-10-23 08:28 | BH10: 1.0175 | BI10: 3.5分钟 | BJ10: 2025-10-23 08:29 | BK10: 2025-10-23 08:33 | BL10: 1.0159 | BM10: 4.0分钟 | BN10: 2025-10-23 08:34 | BO10: 2025-10-23 08:38 | BP10: 1.0158 | BQ10: 4.2分钟
A11: 程纪阳 | B11: 2022210334 | C11: 计算机与信息工程学院（大学计算机教学部） | D11: 计算机科学与技术 | E11: 计科221 | F11: 2025-09-04 08:11 | G11: 2025-09-04 08:14 | H11: 0.5114 | I11: 2.5分钟 | J11: 2025-09-08 10:19 | K11: 2025-09-27 17:23 | L11: 0.5121 | M11: 3.1分钟 | N11: 2025-09-27 17:25 | O11: 2025-09-27 17:28 | P11: 0.5343 | Q11: 3.0分钟 | R11: 2025-09-27 17:28 | S11: 2025-09-27 17:36 | T11: 1.1015 | U11: 12.7分钟 | V11: 2025-09-27 17:42 | W11: 2025-09-27 17:44 | X11: 0.5393 | Y11: 2.2分钟 | Z11: 2025-09-27 17:45 | AA11: 2025-09-27 17:48 | AB11: 0.5267 | AC11: 3.2分钟 | AD11: 2025-09-27 17:49 | AE11: 2025-09-27 17:52 | AF11: 0.8889 | AG11: 4.5分钟 | AH11: 2025-09-27 17:53 | AI11: 2025-09-27 17:56 | AJ11: 0.6234 | AK11: 2.9分钟 | AL11: 2025-11-21 12:34 | AM11: 2025-11-21 12:38 | AN11: 0.8053 | AO11: 4.2分钟 | AP11: 2025-11-21 12:41 | AQ11: 2025-11-21 12:46 | AR11: 0.9994 | AS11: 5.7分钟 | AT11: 2025-11-21 12:50 | AU11: 2025-11-21 12:57 | AV11: 1.1517 | AW11: 7.5分钟 | AX11: 2025-11-21 13:21 | AY11: 2025-11-21 13:26 | AZ11: 1.0015 | BA11: 4.4分钟 | BB11: 2025-11-21 13:32 | BC11: 2025-11-21 13:35 | BD11: 0.9979 | BE11: 3.5分钟 | BF11: 2025-11-21 13:37 | BG11: 2025-11-21 13:40 | BH11: 1.2314 | BI11: 4.2分钟 | BJ11: 2025-11-21 13:42 | BK11: 2025-11-21 13:45 | BL11: 0.9371 | BM11: 3.7分钟 | BN11: 2025-11-21 13:46 | BO11: 2025-11-21 13:50 | BP11: 1.2381 | BQ11: 5.1分钟
A12: 程梦圆 | B12: 2022210335 | C12: 计算机与信息工程学院（大学计算机教学部） | D12: 计算机科学与技术 | E12: 计科221 | F12: 2025-09-04 08:14 | G12: 2025-09-28 07:59 | H12: 1.832 | I12: 8.9分钟 | J12: 2025-09-28 08:04 | K12: 2025-09-28 08:17 | L12: 0.69 | M12: 4.2分钟 | N12: 2025-09-28 08:25 | O12: 2025-09-28 10:08 | P12: 1.1793 | Q12: 6.6分钟 | R12: 2025-09-28 10:10 | S12: 2025-09-28 10:18 | T12: 0.8264 | U12: 9.5分钟 | V12: 2025-09-28 10:27 | W12: 2025-09-28 10:29 | X12: 0.5011 | Y12: 2.1分钟 | Z12: 2025-09-28 10:31 | AA12: 2025-09-28 10:34 | AB12: 0.5009 | AC12: 3.0分钟 | AD12: 2025-09-28 10:36 | AE12: 2025-09-28 10:39 | AF12: 0.5024 | AG12: 2.5分钟 | AH12: 2025-09-28 10:42 | AI12: 2025-09-28 10:44 | AJ12: 0.5023 | AK12: 2.3分钟 | AL12: 2025-09-28 10:47 | AM12: 2025-09-28 10:50 | AN12: 0.499 | AO12: 2.6分钟 | AP12: 2025-09-28 10:56 | AQ12: 2025-09-28 10:59 | AR12: 0.5012 | AS12: 2.9分钟 | AT12: 2025-09-28 11:14 | AU12: 2025-09-28 11:18 | AV12: 0.5839 | AW12: 3.8分钟 | AX12: 2025-11-19 20:57 | AY12: 2025-11-19 21:04 | AZ12: 0.9166 | BA12: 4.0分钟 | BB12: 2025-09-28 11:24 | BC12: 2025-09-28 11:26 | BD12: 0.5016 | BE12: 1.8分钟 | BF12: 2025-09-28 11:39 | BG12: 2025-09-28 11:47 | BH12: 0.4996 | BI12: 1.7分钟 | BJ12: 2025-09-28 11:48 | BK12: 2025-09-28 11:50 | BL12: 0.5001 | BM12: 1.9分钟 | BN12: 2025-09-28 11:51 | BO12: 2025-09-28 11:53 | BP12: 0.4992 | BQ12: 2.0分钟
A13: 邓慧茹 | B13: 2022210337 | C13: 计算机与信息工程学院（大学计算机教学部） | D13: 计算机科学与技术 | E13: 计科221 | F13: 2025-09-04 08:13 | G13: 2025-09-04 08:18 | H13: 1.2812 | I13: 6.2分钟 | J13: 2025-09-10 10:46 | K13: 2025-09-18 08:05 | L13: 1.1089 | M13: 6.7分钟 | N13: 2025-09-18 08:08 | O13: 2025-09-18 08:14 | P13: 1.1105 | Q13: 6.2分钟 | R13: 2025-09-28 10:08 | S13: 2025-09-28 10:19 | T13: 1.3631 | U13: 15.7分钟 | V13: 2025-09-28 10:28 | W13: 2025-09-28 10:32 | X13: 1.1097 | Y13: 4.6分钟 | Z13: 2025-09-28 10:52 | AA13: 2025-09-28 10:58 | AB13: 1.1132 | AC13: 6.8分钟 | AD13: 2025-09-28 11:09 | AE13: 2025-09-28 11:14 | AF13: 1.1111 | AG13: 5.6分钟 | AH13: 2025-09-28 11:27 | AI13: 2025-09-28 11:32 | AJ13: 1.1005 | AK13: 5.0分钟 | AL13: 2025-09-28 11:37 | AM13: 2025-09-28 11:42 | AN13: 1.1096 | AO13: 5.8分钟 | AP13: 2025-09-29 10:35 | AQ13: 2025-09-29 10:41 | AR13: 1.1098 | AS13: 6.3分钟 | AT13: 2025-10-09 08:16 | AU13: 2025-10-09 08:23 | AV13: 1.1101 | AW13: 7.3分钟 | AX13: 2025-10-23 08:06 | AY13: 2025-10-23 08:11 | AZ13: 1.1127 | BA13: 4.9分钟 | BB13: 2025-10-09 08:46 | BC13: 2025-10-09 08:49 | BD13: 1.1098 | BE13: 3.9分钟 | BF13: 2025-10-09 08:53 | BG13: 2025-10-09 08:56 | BH13: 1.1132 | BI13: 3.8分钟 | BJ13: 2025-10-09 09:07 | BK13: 2025-10-09 09:12 | BL13: 1.1103 | BM13: 4.3分钟 | BN13: 2025-10-09 09:39 | BO13: 2025-10-23 08:21 | BP13: 1.3562 | BQ13: 5.5分钟
A14: 丁玉耀 | B14: 2022210338 | C14: 计算机与信息工程学院（大学计算机教学部） | D14: 计算机科学与技术 | E14: 计科221 | F14: 2026-01-10 11:03 | G14: 2026-01-10 11:07 | H14: 0.4857 | I14: 2.4分钟 | J14: 2026-01-10 11:07 | K14: 2026-01-10 11:10 | L14: 0.5407 | M14: 3.3分钟 | N14: 2026-01-10 11:11 | O14: 2026-01-10 11:14 | P14: 0.5354 | Q14: 3.0分钟 | R14: 2026-01-10 11:16 | S14: 2026-01-10 11:25 | T14: 0.8286 | U14: 9.5分钟 | V14: 2026-01-10 11:26 | W14: 2026-01-10 11:28 | X14: 0.5332 | Y14: 2.2分钟 | Z14: 2026-01-10 11:29 | AA14: 2026-01-10 11:32 | AB14: 0.5253 | AC14: 3.2分钟 | AD14: 2026-01-10 11:32 | AE14: 2026-01-10 11:35 | AF14: 0.5285 | AG14: 2.6分钟 | AH14: 2026-01-10 11:35 | AI14: 2026-01-10 11:37 | AJ14: 0.5049 | AK14: 2.3分钟 | AL14: 2026-01-10 11:38 | AM14: 2026-01-10 11:41 | AN14: 0.5363 | AO14: 2.8分钟 | AP14: 2026-01-10 11:41 | AQ14: 2026-01-10 11:44 | AR14: 0.532 | AS14: 3.0分钟 | AT14: 2026-01-10 11:45 | AU14: 2026-01-10 11:48 | AV14: 0.5344 | AW14: 3.5分钟 | AX14: 2026-01-10 11:49 | AY14: 2026-01-10 11:51 | AZ14: 0.5353 | BA14: 2.4分钟 | BB14: 2026-01-10 11:51 | BC14: 2026-01-10 11:53 | BD14: 0.8215 | BE14: 2.9分钟 | BF14: 2026-01-10 11:55 | BG14: 2026-01-10 11:57 | BH14: 0.6886 | BI14: 2.3分钟 | BJ14: 2026-01-10 11:58 | BK14: 2026-01-10 12:00 | BL14: 0.519 | BM14: 2.0分钟 | BN14: 2026-01-10 12:01 | BO14: 2026-01-10 12:03 | BP14: 0.5425 | BQ14: 2.2分钟
A15: 范鑫蕊 | B15: 2022210339 | C15: 计算机与信息工程学院（大学计算机教学部） | D15: 计算机科学与技术 | E15: 计科221 | F15: 2025-09-04 08:11 | G15: 2025-09-08 09:59 | H15: 2.0069 | I15: 9.8分钟 | J15: 2025-09-08 10:21 | K15: 2025-09-10 10:55 | L15: 1.001 | M15: 6.1分钟 | N15: 2025-09-10 11:45 | O15: 2025-09-11 08:14 | P15: 1.2216 | Q15: 6.9分钟 | R15: 2025-09-11 08:27 | S15: 2025-09-18 08:08 | T15: 0.9124 | U15: 10.5分钟 | V15: 2025-09-18 08:11 | W15: 2025-09-18 08:15 | X15: 1.0073 | Y15: 4.2分钟 | Z15: 2025-09-18 09:32 | AA15: 2025-09-18 09:38 | AB15: 0.9989 | AC15: 6.1分钟 | AD15: 2025-09-18 09:43 | AE15: 2025-09-24 08:26 | AF15: 0.9969 | AG15: 5.0分钟 | AH15: 2025-09-24 08:29 | AI15: 2025-09-24 08:34 | AJ15: 1.2208 | AK15: 5.6分钟 | AL15: 2025-09-24 08:35 | AM15: 2025-09-24 08:41 | AN15: 1.1002 | AO15: 5.7分钟 | AP15: 2025-09-24 09:39 | AQ15: 2025-09-28 10:04 | AR15: 0.9995 | AS15: 5.7分钟 | AT15: 2025-09-28 10:15 | AU15: 2025-09-28 10:21 | AV15: 0.9865 | AW15: 6.5分钟 | AX15: 2025-10-22 11:34 | AY15: 2025-10-22 11:38 | AZ15: 0.9931 | BA15: 4.4分钟 | BB15: 2025-09-28 10:32 | BC15: 2025-10-09 08:21 | BD15: 0.9961 | BE15: 3.5分钟 | BF15: 2025-10-09 08:24 | BG15: 2025-10-09 08:28 | BH15: 1.1902 | BI15: 4.0分钟 | BJ15: 2025-10-13 10:01 | BK15: 2025-10-13 10:05 | BL15: 0.9995 | BM15: 3.9分钟 | BN15: 2025-10-13 10:11 | BO15: 2025-10-13 10:15 | BP15: 0.9992 | BQ15: 4.1分钟
A16: 高恩鹏 | B16: 2022210342 | C16: 计算机与信息工程学院（大学计算机教学部） | D16: 计算机科学与技术 | E16: 计科221 | F16: 2025-09-10 10:57 | G16: 2025-09-10 11:04 | H16: 1.2725 | I16: 6.2分钟 | J16: 2025-09-18 07:53 | K16: 2025-09-27 17:38 | L16: 1.4659 | M16: 8.9分钟 | N16: 2025-09-27 18:28 | O16: 2025-09-27 18:33 | P16: 0.9999 | Q16: 5.6分钟 | R16: 2025-09-27 18:44 | S16: 2025-09-27 19:02 | T16: 1.4555 | U16: 16.7分钟 | V16: 2025-09-28 10:40 | W16: 2025-11-10 18:07 | X16: 1.2318 | Y16: 5.2分钟 | Z16: 2025-09-04 10:53 | AA16: 2025-11-10 18:14 | AB16: 1.1472 | AC16: 7.0分钟 | AD16: 2025-11-10 18:18 | AE16: 2025-11-10 18:23 | AF16: 1.0015 | AG16: 5.0分钟 | AH16: 2025-11-10 18:24 | AI16: 2025-11-10 18:28 | AJ16: 0.9963 | AK16: 4.5分钟 | AL16: 2025-11-10 18:30 | AM16: 2025-11-10 18:35 | AN16: 0.9645 | AO16: 5.0分钟 | AP16: 2025-11-10 18:36 | AQ16: 2025-11-10 18:41 | AR16: 0.9997 | AS16: 5.7分钟 | AT16: 2025-11-10 18:51 | AU16: 2025-11-10 18:57 | AV16: 1.1501 | AW16: 7.5分钟 | AX16: 2025-11-10 19:00 | AY16: 2025-11-10 19:04 | AZ16: 1.2272 | BA16: 5.4分钟 | BB16: 2025-11-10 19:06 | BC16: 2025-11-10 19:09 | BD16: 0.8569 | BE16: 3.0分钟 | BF16: 2025-11-10 19:18 | BG16: 2025-11-10 19:33 | BH16: 1.6661 | BI16: 5.7分钟 | BJ16: 2025-11-10 19:38 | BK16: 2025-11-10 19:42 | BL16: 1.2533 | BM16: 4.9分钟 | BN16: 2025-11-10 19:45 | BO16: 2025-11-10 19:49 | BP16: 0.9972 | BQ16: 4.1分钟
A17: 关雪艳 | B17: 2022210343 | C17: 计算机与信息工程学院（大学计算机教学部） | D17: 计算机科学与技术 | E17: 计科221 | F17: 2025-09-04 08:13 | G17: 2025-09-04 08:23 | H17: 1.242 | I17: 6.0分钟 | J17: 2025-09-10 10:18 | K17: 2025-09-10 10:22 | L17: 0.59 | M17: 3.6分钟 | N17: 2025-09-18 08:09 | O17: 2025-09-18 08:13 | P17: 0.6461 | Q17: 3.6分钟 | R17: 2025-09-18 08:17 | S17: 2025-09-18 08:22 | T17: 0.4348 | U17: 5.0分钟 | V17: 2025-09-18 08:23 | W17: 2025-09-18 08:25 | X17: 0.5013 | Y17: 2.1分钟 | Z17: 2025-09-18 08:29 | AA17: 2025-09-18 08:32 | AB17: 0.5018 | AC17: 3.0分钟 | AD17: 2025-09-28 10:16 | AE17: 2025-09-28 10:19 | AF17: 0.6659 | AG17: 3.3分钟 | AH17: 2025-09-28 10:21 | AI17: 2025-09-28 10:24 | AJ17: 0.7085 | AK17: 3.2分钟 | AL17: 2025-09-28 10:27 | AM17: 2025-09-28 10:29 | AN17: 0.5012 | AO17: 2.6分钟 | AP17: 2025-09-28 10:31 | AQ17: 2025-09-28 10:34 | AR17: 0.5004 | AS17: 2.9分钟 | AT17: 2025-09-28 10:48 | AU17: 2025-09-28 10:51 | AV17: 0.501 | AW17: 3.3分钟 | AX17: 2025-11-03 12:25 | AY17: 2025-11-03 12:27 | AZ17: 0.519 | BA17: 2.3分钟 | BB17: 2025-09-28 11:25 | BC17: 2025-09-28 11:27 | BD17: 0.8845 | BE17: 3.1分钟 | BF17: 2025-09-29 10:38 | BG17: 2025-09-29 10:40 | BH17: 0.5882 | BI17: 2.0分钟 | BJ17: 2025-09-29 10:48 | BK17: 2025-09-29 10:50 | BL17: 0.5007 | BM17: 1.9分钟 | BN17: 2025-09-29 11:04 | BO17: 2025-09-29 11:06 | BP17: 0.504 | BQ17: 2.0分钟
... A50: 郑存耀 | B50: 2022210417 | C50: 计算机与信息工程学院（大学计算机教学部） | D50: 计算机科学与技术 | E50: 计科222 | F50: 2025-09-28 10:08 | G50: 2025-09-28 10:10 | H50: 0.5224 | I50: 2.5分钟 | J50: 2025-09-28 10:12 | K50: 2025-09-28 10:15 | L50: 0.5114 | M50: 3.1分钟 | N50: 2025-09-28 10:17 | O50: 2025-09-28 10:20 | P50: 0.5131 | Q50: 2.9分钟 | R50: 2025-09-28 10:21 | S50: 2025-09-28 10:31 | T50: 0.9987 | U50: 11.5分钟 | V50: 2025-09-28 10:33 | W50: 2025-09-28 10:35 | X50: 0.5172 | Y50: 2.1分钟 | Z50: 2025-09-28 10:37 | AA50: 2025-09-28 10:40 | AB50: 0.5855 | AC50: 3.5分钟 | AD50: 2025-09-28 10:41 | AE50: 2025-09-28 10:45 | AF50: 0.6647 | AG50: 3.3分钟 | AH50: 2025-09-28 10:46 | AI50: 2025-09-28 10:48 | AJ50: 0.5156 | AK50: 2.4分钟 | AL50: 2025-09-28 10:49 | AM50: 2025-09-28 10:52 | AN50: 0.5087 | AO50: 2.6分钟 | AP50: 2025-11-20 11:54 | AQ50: 2025-11-20 11:57 | AR50: 0.4503 | AS50: 2.6分钟 | AT50: 2025-11-20 11:59 | AU50: 2025-11-20 12:02 | AV50: 0.5297 | AW50: 3.5分钟 | AX50: 2025-11-20 12:05 | AY50: 2025-11-20 12:10 | AZ50: 1.0346 | BA50: 4.6分钟 | BB50: 2025-11-20 12:10 | BC50: 2025-11-20 12:12 | BD50: 0.6416 | BE50: 2.2分钟 | BF50: 2025-11-20 12:13 | BG50: 2025-11-20 12:20 | BH50: 1.0849 | BI50: 3.7分钟 | BJ50: 2025-11-20 12:24 | BK50: 2025-11-20 12:26 | BL50: 0.7501 | BM50: 2.9分钟 | BN50: 2025-11-20 12:26 | BO50: 2025-11-20 12:29 | BP50: 0.5347 | BQ50: 2.2分钟
A51: 周宇 | B51: 2022210422 | C51: 计算机与信息工程学院（大学计算机教学部） | D51: 计算机科学与技术 | E51: 计科222 | F51: 2025-09-04 08:10 | G51: 2025-09-27 17:27 | H51: 1.0877 | I51: 5.3分钟 | J51: 2025-09-27 18:08 | K51: 2025-09-27 18:24 | L51: 1.2764 | M51: 7.7分钟 | N51: 2025-09-27 18:54 | O51: 2025-09-27 21:03 | P51: 1.0006 | Q51: 5.6分钟 | R51: 2025-09-27 21:04 | S51: 2025-09-27 21:14 | T51: 0.9987 | U51: 11.5分钟 | V51: 2025-09-27 21:18 | W51: 2025-09-27 21:22 | X51: 1.0002 | Y51: 4.2分钟 | Z51: 2025-09-27 21:24 | AA51: 2025-09-27 21:30 | AB51: 0.9996 | AC51: 6.1分钟 | AD51: 2025-09-27 21:41 | AE51: 2025-09-27 21:47 | AF51: 1.1345 | AG51: 5.7分钟 | AH51: 2025-09-27 22:20 | AI51: 2025-09-27 22:24 | AJ51: 0.9975 | AK51: 4.6分钟 | AL51: 2025-09-27 22:26 | AM51: 2025-09-27 22:31 | AN51: 0.9985 | AO51: 5.2分钟 | AP51: 2025-09-27 23:09 | AQ51: 2025-09-27 23:14 | AR51: 0.9994 | AS51: 5.7分钟 | AT51: 2025-09-27 23:16 | AU51: 2025-09-27 23:22 | AV51: 0.9999 | AW51: 6.5分钟 | AX51: 2025-12-14 13:13 | AZ51: 0 | BA51: 0.0分钟 | BB51: 2025-09-27 23:30 | BC51: 2025-09-27 23:33 | BD51: 0.9988 | BE51: 3.5分钟 | BF51: 2025-09-27 23:34 | BG51: 2025-09-27 23:37 | BH51: 1.0341 | BI51: 3.5分钟 | BJ51: 2025-09-27 23:51 | BK51: 2025-09-27 23:55 | BL51: 0.9994 | BM51: 3.9分钟 | BN51: 2025-09-27 23:57 | BO51: 2025-09-28 00:01 | BP51: 0.9984 | BQ51: 4.1分钟
A52: 朱传双 | B52: 2022210423 | C52: 计算机与信息工程学院（大学计算机教学部） | D52: 计算机科学与技术 | E52: 计科222 | F52: 2025-09-11 08:14 | G52: 2025-09-11 08:19 | H52: 1.2046 | I52: 5.9分钟 | J52: 2025-09-12 22:43 | K52: 2025-09-27 17:26 | L52: 1.1703 | M52: 7.1分钟 | N52: 2025-09-27 17:39 | O52: 2025-09-27 17:45 | P52: 1.1014 | Q52: 6.2分钟 | R52: 2025-09-28 10:23 | S52: 2025-09-29 10:39 | T52: 1.3959 | U52: 16.1分钟 | V52: 2025-09-29 10:52 | W52: 2025-09-29 11:00 | X52: 1.163 | Y52: 4.8分钟 | Z52: 2025-09-29 11:12 | AA52: 2025-09-29 11:18 | AB52: 1.0005 | AC52: 6.1分钟 | AD52: 2025-09-29 11:19 | AE52: 2025-09-29 11:24 | AF52: 1.0011 | AG52: 5.0分钟 | AH52: 2025-09-29 11:26 | AI52: 2025-09-29 11:30 | AJ52: 0.998 | AK52: 4.6分钟 | AL52: 2025-09-29 11:32 | AM52: 2025-09-29 11:37 | AN52: 0.9983 | AO52: 5.2分钟 | AP52: 2025-09-29 11:45 | AQ52: 2025-10-05 12:51 | AR52: 0.5059 | AS52: 2.9分钟 | AT52: 2025-10-05 12:53 | AU52: 2025-10-05 12:56 | AV52: 0.4997 | AW52: 3.3分钟 | AX52: 2025-10-18 19:24 | AY52: 2025-10-19 21:47 | AZ52: 1.0021 | BA52: 4.4分钟 | BB52: 2025-10-05 13:00 | BC52: 2025-10-05 13:02 | BD52: 0.5003 | BE52: 1.8分钟 | BF52: 2025-10-05 13:04 | BG52: 2025-10-05 13:06 | BH52: 0.5012 | BI52: 1.7分钟 | BJ52: 2025-10-05 13:07 | BK52: 2025-10-05 13:09 | BL52: 0.4999 | BM52: 1.9分钟 | BN52: 2025-10-05 13:10 | BO52: 2025-10-05 13:13 | BP52: 0.6933 | BQ52: 2.8分钟
A53: 朱世俊 | B53: 2022210428 | C53: 计算机与信息工程学院（大学计算机教学部） | D53: 计算机科学与技术 | E53: 计科222 | F53: 2025-09-10 10:26 | G53: 2025-09-10 10:29 | H53: 0.563 | I53: 2.7分钟 | J53: 2025-09-15 10:11 | K53: 2025-09-15 10:14 | L53: 0.4945 | M53: 3.0分钟 | N53: 2025-11-26 19:40 | O53: 2025-11-26 19:45 | P53: 1.002 | Q53: 5.6分钟 | R53: 2025-11-26 19:46 | S53: 2025-11-26 19:58 | T53: 1.1275 | U53: 12.9分钟 | V53: 2025-11-27 08:50 | W53: 2025-11-27 08:55 | X53: 1.0769 | Y53: 4.5分钟 | Z53: 2025-11-27 08:56 | AA53: 2025-11-27 09:03 | AB53: 1.1175 | AC53: 6.8分钟 | AD53: 2025-11-27 09:03 | AE53: 2025-11-27 09:42 | AF53: 1.2341 | AG53: 6.2分钟 | AH53: 2025-11-27 09:43 | AI53: 2025-11-27 09:51 | AJ53: 1.1812 | AK53: 5.4分钟 | AL53: 2025-11-27 09:51 | AM53: 2025-11-27 10:01 | AN53: 0.9222 | AO53: 4.8分钟 | AP53: 2025-11-27 10:04 | AQ53: 2025-11-27 15:15 | AR53: 1.9661 | AS53: 11.3分钟 | AT53: 2025-11-27 15:22 | AU53: 2025-11-29 08:58 | AV53: 1.1912 | AW53: 7.8分钟 | AX53: 2025-11-29 09:02 | AY53: 2025-11-29 09:07 | AZ53: 1.0125 | BA53: 4.5分钟 | BB53: 2025-11-29 09:07 | BC53: 2025-11-29 09:12 | BD53: 1.3628 | BE53: 4.8分钟 | BF53: 2025-11-29 09:13 | BG53: 2025-11-29 09:16 | BH53: 1.0226 | BI53: 3.5分钟 | BJ53: 2025-11-29 09:17 | BK53: 2025-11-29 09:23 | BL53: 1.1538 | BM53: 4.5分钟 | BN53: 2025-11-29 09:25 | BO53: 2025-11-29 09:29 | BP53: 1.2469 | BQ53: 5.1分钟
A54: 祝文耿 | B54: 2022210429 | C54: 计算机与信息工程学院（大学计算机教学部） | D54: 计算机科学与技术 | E54: 计科222 | F54: 2025-09-04 08:40 | G54: 2025-09-25 08:18 | H54: 0.5085 | I54: 2.5分钟 | J54: 2025-09-25 08:19 | K54: 2025-09-25 08:22 | L54: 0.5001 | M54: 3.0分钟 | N54: 2025-09-25 08:23 | O54: 2025-09-25 08:27 | P54: 0.9391 | Q54: 5.3分钟 | R54: 2025-09-25 08:30 | S54: 2025-09-25 08:36 | T54: 0.5364 | U54: 6.2分钟 | V54: 2025-09-28 10:08 | W54: 2025-09-28 10:10 | X54: 0.5055 | Y54: 2.1分钟 | Z54: 2025-09-28 10:12 | AA54: 2025-09-28 10:15 | AB54: 0.4998 | AC54: 3.0分钟 | AD54: 2025-09-28 10:17 | AE54: 2025-09-28 10:22 | AF54: 1.0986 | AG54: 5.5分钟 | AH54: 2025-09-28 10:23 | AI54: 2025-09-28 10:27 | AJ54: 0.9987 | AK54: 4.6分钟 | AL54: 2025-10-09 08:01 | AM54: 2025-10-09 08:58 | AN54: 1.1122 | AO54: 5.8分钟 | AP54: 2025-10-09 09:18 | AQ54: 2025-10-09 09:23 | AR54: 0.9993 | AS54: 5.7分钟 | AT54: 2025-10-13 10:38 | AU54: 2025-10-13 10:44 | AV54: 1.0142 | AW54: 6.7分钟 | AX54: 2025-10-16 07:56 | AY54: 2025-10-16 08:00 | AZ54: 1.0025 | BA54: 4.4分钟 | BB54: 2025-10-13 10:51 | BC54: 2025-10-13 10:54 | BD54: 0.9873 | BE54: 3.5分钟 | BF54: 2025-10-13 10:59 | BG54: 2025-10-16 08:04 | BH54: 1.0044 | BI54: 3.4分钟 | BJ54: 2025-10-16 08:06 | BK54: 2025-10-16 08:10 | BL54: 0.9992 | BM54: 3.9分钟 | BN54: 2025-10-16 08:11 | BO54: 2025-10-16 08:15 | BP54: 0.9933 | BQ54: 4.1分钟
A55: 宗梦晴 | B55: 2022210430 | C55: 计算机与信息工程学院（大学计算机教学部） | D55: 计算机科学与技术 | E55: 计科222 | F55: 2025-09-04 08:15 | G55: 2025-09-07 20:10 | H55: 0.7467 | I55: 3.6分钟 | J55: 2025-09-07 20:17 | K55: 2025-09-07 20:21 | L55: 0.7191 | M55: 4.3分钟 | N55: 2025-09-28 11:25 | O55: 2025-09-28 11:28 | P55: 0.5096 | Q55: 2.9分钟 | R55: 2025-09-28 11:36 | S55: 2025-09-28 11:41 | T55: 0.5261 | U55: 6.0分钟 | V55: 2025-09-28 11:43 | W55: 2025-09-28 11:45 | X55: 0.4995 | Y55: 2.1分钟 | Z55: 2025-09-28 11:46 | AA55: 2025-09-28 11:49 | AB55: 0.497 | AC55: 3.0分钟 | AD55: 2025-09-28 11:51 | AE55: 2025-09-28 11:54 | AF55: 0.4971 | AG55: 2.5分钟 | AH55: 2025-11-01 18:36 | AI55: 2025-11-01 18:40 | AJ55: 0.9939 | AK55: 4.5分钟 | AL55: 2025-11-01 18:56 | AM55: 2025-11-01 18:59 | AN55: 0.5063 | AO55: 2.6分钟 | AP55: 2025-11-01 19:00 | AQ55: 2025-11-01 19:03 | AR55: 0.5002 | AS55: 2.9分钟 | AT55: 2025-11-01 19:04 | AU55: 2025-11-01 19:07 | AV55: 0.5 | AW55: 3.3分钟 | AX55: 2025-11-06 10:07 | AY55: 2025-11-06 10:11 | AZ55: 1.0988 | BA55: 4.8分钟 | BB55: 2025-11-06 10:13 | BC55: 2025-11-06 10:15 | BD55: 0.5355 | BE55: 1.9分钟 | BF55: 2025-11-06 10:16 | BG55: 2025-11-06 10:18 | BH55: 0.5039 | BI55: 1.7分钟 | BJ55: 2025-11-06 10:20 | BK55: 2025-11-06 10:22 | BL55: 0.521 | BM55: 2.0分钟 | BN55: 2025-11-06 10:23 | BO55: 2025-11-06 10:25 | BP55: 0.4903 | BQ55: 2.0分钟

Sheet 讨论参与详情
A1: 讨论参与详情
A2: 课程：移动应用开发 班级：计科22选49 任课教师：刘东良 导出时间：2026-01-21 01:17:52
A3: 学生姓名 | B3: 学号/工号 | C3: 院系 | D3: 专业 | E3: 班级 | F3: 总讨论数 | G3: 发表讨论 | H3: 回复讨论 | I3: 回复话题个数 | J3: 获赞数
A4: 张梦杰 | B4: 2020211034 | C4: 计算机与信息工程学院（大学计算机教学部） | D4: 计算机科学与技术 | E4: 计科222 | F4: 0 | G4: 0 | H4: 0 | I4: 0 | J4: 0
A5: 童其凡 | B5: 2020213700 | C5: 计算机与信息工程学院（大学计算机教学部） | D5: 计算机科学与技术 | E5: 计科222 | F5: 0 | G5: 0 | H5: 0 | I5: 0 | J5: 0
A6: 曹安晨 | B6: 2022210331 | C6: 计算机与信息工程学院（大学计算机教学部） | D6: 计算机科学与技术 | E6: 计科221 | F6: 0 | G6: 0 | H6: 0 | I6: 0 | J6: 0
A7: 陈晨 | B7: 2022210332 | C7: 计算机与信息工程学院（大学计算机教学部） | D7: 计算机科学与技术 | E7: 计科221 | F7: 0 | G7: 0 | H7: 0 | I7: 0 | J7: 0
A8: 陈创东 | B8: 2022210333 | C8: 计算机与信息工程学院（大学计算机教学部） | D8: 计算机科学与技术 | E8: 计科221 | F8: 0 | G8: 0 | H8: 0 | I8: 0 | J8: 0
A9: 程纪阳 | B9: 2022210334 | C9: 计算机与信息工程学院（大学计算机教学部） | D9: 计算机科学与技术 | E9: 计科221 | F9: 0 | G9: 0 | H9: 0 | I9: 0 | J9: 0
A10: 程梦圆 | B10: 2022210335 | C10: 计算机与信息工程学院（大学计算机教学部） | D10: 计算机科学与技术 | E10: 计科221 | F10: 0 | G10: 0 | H10: 0 | I10: 0 | J10: 0
A11: 邓慧茹 | B11: 2022210337 | C11: 计算机与信息工程学院（大学计算机教学部） | D11: 计算机科学与技术 | E11: 计科221 | F11: 0 | G11: 0 | H11: 0 | I11: 0 | J11: 0
A12: 丁玉耀 | B12: 2022210338 | C12: 计算机与信息工程学院（大学计算机教学部） | D12: 计算机科学与技术 | E12: 计科221 | F12: 0 | G12: 0 | H12: 0 | I12: 0 | J12: 0
A13: 范鑫蕊 | B13: 2022210339 | C13: 计算机与信息工程学院（大学计算机教学部） | D13: 计算机科学与技术 | E13: 计科221 | F13: 0 | G13: 0 | H13: 0 | I13: 0 | J13: 0
A14: 高恩鹏 | B14: 2022210342 | C14: 计算机与信息工程学院（大学计算机教学部） | D14: 计算机科学与技术 | E14: 计科221 | F14: 0 | G14: 0 | H14: 0 | I14: 0 | J14: 0
A15: 关雪艳 | B15: 2022210343 | C15: 计算机与信息工程学院（大学计算机教学部） | D15: 计算机科学与技术 | E15: 计科221 | F15: 0 | G15: 0 | H15: 0 | I15: 0 | J15: 0
... A53: 宗梦晴 | B53: 2022210430 | C53: 计算机与信息工程学院（大学计算机教学部） | D53: 计算机科学与技术 | E53: 计科222 | F53: 0 | G53: 0 | H53: 0 | I53: 0 | J53: 0

Sheet 作业统计
A1: 作业统计
A2: 课程：移动应用开发 班级：计科22选49 任课教师：刘东良 导出时间：2026-01-21 01:17:52
A3: 学生姓名 | B3: 学号/工号 | C3: 院系 | D3: 专业 | E3: 班级 | F3: 实验一开发环境搭建 | I3: 作业1概述 | L3: 作业2原生Android | O3: 实验二原生应用开发 | R3: 作业3原生iOS | U3: 作业4原生应用开发 | X3: 实验三Flutter混合应用 | AA3: 作业5Flutter混合应用 | AD3: 作业6Cordova&UniApp混合应用 | AG3: 实验四Uniapp多端开发 | AJ3: 作业7 MAUI&&WXMiniApp | AM3: 实验五微信小程序开发 | AP3: 实验六华为多端应用开发 | AS3: 作业8小程序2 | AV3: 作业9华为多端应用开发1 | AY3: 作业10华为多端应用开发2 | BB3: 实验七跨平台项目实战 | BE3: 课程考核大作业1——项目启动 | BH3: 课程考核大作业2——核心开发 | BK3: 课程考核大作业3——系统整合 | BN3: 考核报告1——答辩报告 | BQ3: 考核报告2——个人报告 | BT3: 考核报告3——小组报告 | BW3: 考核报告4——项目报告 | BZ3: 课程考核大作业4——测试交付 | CC3: 课程考试大作业
F4: 成绩 | G4: 提交时间 | H4: 状态 | I4: 成绩 | J4: 提交时间 | K4: 状态 | L4: 成绩 | M4: 提交时间 | N4: 状态 | O4: 成绩 | P4: 提交时间 | Q4: 状态 | R4: 成绩 | S4: 提交时间 | T4: 状态 | U4: 成绩 | V4: 提交时间 | W4: 状态 | X4: 成绩 | Y4: 提交时间 | Z4: 状态 | AA4: 成绩 | AB4: 提交时间 | AC4: 状态 | AD4: 成绩 | AE4: 提交时间 | AF4: 状态 | AG4: 成绩 | AH4: 提交时间 | AI4: 状态 | AJ4: 成绩 | AK4: 提交时间 | AL4: 状态 | AM4: 成绩 | AN4: 提交时间 | AO4: 状态 | AP4: 成绩 | AQ4: 提交时间 | AR4: 状态 | AS4: 成绩 | AT4: 提交时间 | AU4: 状态 | AV4: 成绩 | AW4: 提交时间 | AX4: 状态 | AY4: 成绩 | AZ4: 提交时间 | BA4: 状态 | BB4: 成绩 | BC4: 提交时间 | BD4: 状态 | BE4: 成绩 | BF4: 提交时间 | BG4: 状态 | BH4: 成绩 | BI4: 提交时间 | BJ4: 状态 | BK4: 成绩 | BL4: 提交时间 | BM4: 状态 | BN4: 成绩 | BO4: 提交时间 | BP4: 状态 | BQ4: 成绩 | BR4: 提交时间 | BS4: 状态 | BT4: 成绩 | BU4: 提交时间 | BV4: 状态 | BW4: 成绩 | BX4: 提交时间 | BY4: 状态 | BZ4: 成绩 | CA4: 提交时间 | CB4: 状态 | CC4: 成绩 | CD4: 提交时间 | CE4: 状态
A5: 张梦杰 | B5: 2020211034 | C5: 计算机与信息工程学院（大学计算机教学部） | D5: 计算机科学与技术 | E5: 计科222 | F5: 80 | G5: 2025-09-13 22:44 | H5: 已完成 | I5: 80 | J5: 2025-09-12 22:56 | K5: 已完成 | L5: 80 | M5: 2025-09-14 18:32 | N5: 已完成 | O5: 80 | P5: 2025-09-20 21:45 | Q5: 已完成 | R5: 100 | S5: 2025-09-20 20:36 | T5: 已完成 | U5: 80 | V5: 2025-10-08 15:08 | W5: 已完成 | X5: 80 | Y5: 2025-09-27 20:50 | Z5: 已完成 | AA5: 80 | AB5: 2025-09-27 18:18 | AC5: 已完成 | AD5: 80 | AE5: 2025-09-27 18:19 | AF5: 已完成 | AG5: 100 | AH5: 2025-10-04 20:58 | AI5: 已完成 | AL5: 未完成 | AM5: 70 | AN5: 2025-10-18 18:32 | AO5: 已完成 | AP5: 70 | AQ5: 2025-10-25 20:38 | AR5: 已完成 | AS5: 100 | AT5: 2025-10-18 18:33 | AU5: 已完成 | AV5: 100 | AW5: 2025-10-22 09:59 | AX5: 已完成 | BA5: 未完成 | BB5: 70 | BC5: 2025-11-01 15:33 | BD5: 已完成 | BE5: 80 | BF5: 2025-11-01 15:36 | BG5: 已完成 | BH5: 60 | BI5: 2025-11-08 20:54 | BJ5: 已完成 | BK5: 90 | BL5: 2025-11-15 20:26 | BM5: 已完成 | BN5: 80 | BO5: 2025-11-24 20:33 | BP5: 已完成 | BQ5: 100 | BR5: 2025-11-27 13:09 | BS5: 已完成 | BT5: 80 | BU5: 2025-11-29 21:33 | BV5: 已完成 | BW5: 80 | BX5: 2025-12-02 15:20 | BY5: 已完成 | BZ5: 90 | CA5: 2025-11-19 20:40 | CB5: 已完成 | CE5: 未完成
A6: 童其凡 | B6: 2020213700 | C6: 计算机与信息工程学院（大学计算机教学部） | D6: 计算机科学与技术 | E6: 计科222 | F6: 90 | G6: 2025-09-13 16:35 | H6: 已完成 | I6: 100 | J6: 2025-09-10 11:46 | K6: 已完成 | L6: 100 | M6: 2025-09-14 14:24 | N6: 已完成 | O6: 90 | P6: 2025-09-20 18:54 | Q6: 已完成 | R6: 100 | S6: 2025-09-18 08:21 | T6: 已完成 | U6: 90 | V6: 2025-10-08 16:37 | W6: 已完成 | X6: 80 | Y6: 2025-09-27 21:58 | Z6: 已完成 | AA6: 100 | AB6: 2025-09-25 08:31 | AC6: 已完成 | AD6: 100 | AE6: 2025-09-25 08:35 | AF6: 已完成 | AG6: 100 | AH6: 2025-09-28 13:04 | AI6: 已完成 | AJ6: 100 | AK6: 2025-10-09 08:20 | AL6: 已完成 | AM6: 60 | AN6: 2025-10-13 11:42 | AO6: 已完成 | AP6: 90 | AQ6: 2025-10-25 09:55 | AR6: 已完成 | AS6: 100 | AT6: 2025-10-16 08:08 | AU6: 已完成 | AV6: 100 | AW6: 2025-10-22 10:07 | AX6: 已完成 | AY6: 100 | AZ6: 2025-10-22 10:13 | BA6: 已完成 | BB6: 70 | BC6: 2025-11-01 11:40 | BD6: 已完成 | BE6: 80 | BF6: 2025-11-01 20:17 | BG6: 已完成 | BH6: 70 | BI6: 2025-11-08 21:39 | BJ6: 已完成 | BK6: 70 | BL6: 2025-11-15 20:23 | BM6: 已完成 | BN6: 80 | BO6: 2025-11-25 23:18 | BP6: 已完成 | BQ6: 70 | BR6: 2025-11-27 00:46 | BS6: 已完成 | BT6: 70 | BU6: 2025-11-29 17:43 | BV6: 已完成 | BW6: 80 | BX6: 2025-11-29 22:20 | BY6: 已完成 | BZ6: 90 | CA6: 2025-11-19 20:42 | CB6: 已完成 | CE6: 未完成
A7: 曹安晨 | B7: 2022210331 | C7: 计算机与信息工程学院（大学计算机教学部） | D7: 计算机科学与技术 | E7: 计科221 | F7: 100 | G7: 2025-09-13 22:53 | H7: 已完成 | I7: 100 | J7: 2025-09-13 00:16 | K7: 已完成 | L7: 100 | M7: 2025-09-14 11:44 | N7: 已完成 | O7: 90 | P7: 2025-09-20 20:07 | Q7: 已完成 | R7: 100 | S7: 2025-09-19 22:36 | T7: 已完成 | U7: 80 | V7: 2025-10-08 15:40 | W7: 已完成 | X7: 100 | Y7: 2025-09-27 21:21 | Z7: 已完成 | AA7: 100 | AB7: 2025-09-25 08:20 | AC7: 已完成 | AD7: 100 | AE7: 2025-09-25 08:14 | AF7: 已完成 | AG7: 100 | AH7: 2025-10-04 19:57 | AI7: 已完成 | AJ7: 80 | AK7: 2025-10-11 18:10 | AL7: 已完成 | AM7: 70 | AN7: 2025-10-18 19:45 | AO7: 已完成 | AP7: 80 | AQ7: 2025-10-25 18:03 | AR7: 已完成 | AS7: 100 | AT7: 2025-10-18 18:03 | AU7: 已完成 | AV7: 100 | AW7: 2025-10-21 23:31 | AX7: 已完成 | AY7: 100 | AZ7: 2025-10-21 23:35 | BA7: 已完成 | BB7: 70 | BC7: 2025-11-01 18:51 | BD7: 已完成 | BE7: 80 | BF7: 2025-11-01 20:04 | BG7: 已完成 | BH7: 70 | BI7: 2025-11-08 21:29 | BJ7: 已完成 | BK7: 70 | BL7: 2025-11-15 18:29 | BM7: 已完成 | BN7: 100 | BO7: 2025-11-24 21:57 | BP7: 已完成 | BQ7: 80 | BR7: 2025-11-27 21:06 | BS7: 已完成 | BT7: 80 | BU7: 2025-11-28 18:01 | BV7: 已完成 | BW7: 80 | BX7: 2025-11-29 22:04 | BY7: 已完成 | BZ7: 90 | CA7: 2025-11-19 20:48 | CB7: 已完成 | CC7: 80 | CD7: 2025-12-08 21:10 | CE7: 已完成
A8: 陈晨 | B8: 2022210332 | C8: 计算机与信息工程学院（大学计算机教学部） | D8: 计算机科学与技术 | E8: 计科221 | F8: 100 | G8: 2025-09-13 22:36 | H8: 已完成 | I8: 100 | J8: 2025-09-10 11:36 | K8: 已完成 | L8: 100 | M8: 2025-09-14 17:09 | N8: 已完成 | O8: 90 | P8: 2025-09-20 19:39 | Q8: 已完成 | R8: 100 | S8: 2025-09-20 16:21 | T8: 已完成 | U8: 100 | V8: 2025-10-06 09:49 | W8: 已完成 | X8: 70 | Y8: 2025-09-27 19:48 | Z8: 已完成 | AA8: 100 | AB8: 2025-09-25 08:14 | AC8: 已完成 | AD8: 100 | AE8: 2025-09-25 08:15 | AF8: 已完成 | AG8: 100 | AH8: 2025-09-29 10:23 | AI8: 已完成 | AJ8: 100 | AK8: 2025-10-09 08:14 | AL8: 已完成 | AM8: 80 | AN8: 2025-10-13 11:04 | AO8: 已完成 | AP8: 90 | AQ8: 2025-10-20 15:31 | AR8: 已完成 | AS8: 100 | AT8: 2025-10-16 08:15 | AU8: 已完成 | AV8: 100 | AW8: 2025-10-21 12:50 | AX8: 已完成 | AY8: 100 | AZ8: 2025-10-21 12:52 | BA8: 已完成 | BB8: 70 | BC8: 2025-10-30 08:50 | BD8: 已完成 | BE8: 80 | BF8: 2025-11-01 19:01 | BG8: 已完成 | BH8: 100 | BI8: 2025-11-08 20:33 | BJ8: 已完成 | BK8: 80 | BL8: 2025-11-15 20:47 | BM8: 已完成 | BN8: 100 | BO8: 2025-11-24 20:49 | BP8: 已完成 | BQ8: 90 | BR8: 2025-11-27 20:50 | BS8: 已完成 | BT8: 90 | BU8: 2025-11-29 18:41 | BV8: 已完成 | BW8: 90 | BX8: 2025-11-30 20:30 | BY8: 已完成 | BZ8: 90 | CA8: 2025-11-19 20:59 | CB8: 已完成 | CC8: 80 | CD8: 2025-12-08 19:25 | CE8: 已完成
A9: 陈创东 | B9: 2022210333 | C9: 计算机与信息工程学院（大学计算机教学部） | D9: 计算机科学与技术 | E9: 计科221 | F9: 100 | G9: 2025-09-13 16:12 | H9: 已完成 | I9: 80 | J9: 2025-09-14 16:48 | K9: 已完成 | L9: 80 | M9: 2025-09-15 14:27 | N9: 已完成 | O9: 60 | P9: 2025-09-26 17:02 | Q9: 已完成 | R9: 100 | S9: 2025-09-20 15:20 | T9: 已完成 | U9: 90 | V9: 2025-10-08 12:47 | W9: 已完成 | X9: 70 | Y9: 2025-09-27 18:57 | Z9: 已完成 | AA9: 100 | AB9: 2025-09-26 17:08 | AC9: 已完成 | AD9: 100 | AE9: 2025-09-27 15:09 | AF9: 已完成 | AG9: 80 | AH9: 2025-10-09 09:01 | AI9: 已完成 | AJ9: 100 | AK9: 2025-10-09 08:08 | AL9: 已完成 | AM9: 95 | AN9: 2025-10-14 14:08 | AO9: 已完成 | AP9: 90 | AQ9: 2025-10-20 16:45 | AR9: 已完成 | AU9: 未完成 | AV9: 100 | AW9: 2025-10-22 10:18 | AX9: 已完成 | AY9: 100 | AZ9: 2025-10-22 10:20 | BA9: 已完成 | BB9: 60 | BC9: 2025-10-29 18:25 | BD9: 已完成 | BE9: 80 | BF9: 2025-11-01 19:02 | BG9: 已完成 | BH9: 100 | BI9: 2025-11-08 18:59 | BJ9: 已完成 | BK9: 80 | BL9: 2025-11-15 21:53 | BM9: 已完成 | BN9: 100 | BO9: 2025-11-24 21:44 | BP9: 已完成 | BQ9: 100 | BR9: 2025-11-27 11:58 | BS9: 已完成 | BT9: 90 | BU9: 2025-11-29 21:06 | BV9: 已完成 | BW9: 90 | BX9: 2025-11-30 21:53 | BY9: 已完成 | BZ9: 90 | CA9: 2025-11-19 20:25 | CB9: 已完成 | CC9: 80 | CD9: 2025-12-08 21:17 | CE9: 已完成
A10: 程纪阳 | B10: 2022210334 | C10: 计算机与信息工程学院（大学计算机教学部） | D10: 计算机科学与技术 | E10: 计科221 | F10: 80 | G10: 2025-09-13 21:23 | H10: 已完成 | I10: 100 | J10: 2025-09-11 08:08 | K10: 已完成 | L10: 100 | M10: 2025-09-14 20:17 | N10: 已完成 | O10: 100 | P10: 2025-09-20 18:59 | Q10: 已完成 | R10: 100 | S10: 2025-09-19 15:52 | T10: 已完成 | U10: 90 | V10: 2025-10-08 12:47 | W10: 已完成 | X10: 100 | Y10: 2025-09-27 15:19 | Z10: 已完成 | AA10: 100 | AB10: 2025-09-25 08:08 | AC10: 已完成 | AD10: 100 | AE10: 2025-09-25 08:08 | AF10: 已完成 | AG10: 100 | AH10: 2025-10-04 19:00 | AI10: 已完成 | AJ10: 100 | AK10: 2025-10-09 07:57 | AL10: 已完成 | AM10: 80 | AN10: 2025-10-18 15:55 | AO10: 已完成 | AP10: 80 | AQ10: 2025-10-25 13:16 | AR10: 已完成 | AS10: 100 | AT10: 2025-10-16 08:55 | AU10: 已完成 | AV10: 100 | AW10: 2025-10-22 10:04 | AX10: 已完成 | AY10: 100 | AZ10: 2025-10-22 10:05 | BA10: 已完成 | BB10: 80 | BC10: 2025-11-01 13:15 | BD10: 已完成 | BE10: 80 | BF10: 2025-11-01 17:47 | BG10: 已完成 | BH10: 80 | BI10: 2025-11-08 16:11 | BJ10: 已完成 | BK10: 70 | BL10: 2025-11-15 18:40 | BM10: 已完成 | BN10: 100 | BO10: 2025-11-24 20:09 | BP10: 已完成 | BQ10: 90 | BR10: 2025-11-26 13:14 | BS10: 已完成 | BT10: 80 | BU10: 2025-11-29 19:52 | BV10: 已完成 | BW10: 80 | BX10: 2025-11-30 15:20 | BY10: 已完成 | BZ10: 90 | CA10: 2025-11-19 21:46 | CB10: 已完成 | CC10: 80 | CD10: 2025-12-07 20:10 | CE10: 已完成
A11: 程梦圆 | B11: 2022210335 | C11: 计算机与信息工程学院（大学计算机教学部） | D11: 计算机科学与技术 | E11: 计科221 | F11: 100 | G11: 2025-09-13 22:45 | H11: 已完成 | I11: 100 | J11: 2025-09-10 11:36 | K11: 已完成 | L11: 80 | M11: 2025-09-14 16:14 | N11: 已完成 | O11: 90 | P11: 2025-09-20 21:35 | Q11: 已完成 | R11: 100 | S11: 2025-09-18 08:58 | T11: 已完成 | U11: 80 | V11: 2025-09-25 08:24 | W11: 已完成 | X11: 80 | Y11: 2025-09-25 09:16 | Z11: 已完成 | AA11: 100 | AB11: 2025-09-25 08:37 | AC11: 已完成 | AD11: 100 | AE11: 2025-09-25 08:34 | AF11: 已完成 | AG11: 100 | AH11: 2025-10-04 19:43 | AI11: 已完成 | AL11: 未完成 | AM11: 80 | AN11: 2025-10-18 09:49 | AO11: 已完成 | AP11: 70 | AQ11: 2025-10-25 16:55 | AR11: 已完成 | AS11: 100 | AT11: 2025-10-16 23:32 | AU11: 已完成 | AV11: 100 | AW11: 2025-10-22 11:28 | AX11: 已完成 | AY11: 100 | AZ11: 2025-10-22 11:35 | BA11: 已完成 | BB11: 70 | BC11: 2025-11-01 20:55 | BD11: 已完成 | BE11: 70 | BF11: 2025-11-01 20:18 | BG11: 已完成 | BH11: 50 | BI11: 2025-11-08 18:08 | BJ11: 已完成 | BK11: 60 | BL11: 2025-11-15 21:17 | BM11: 已完成 | BN11: 90 | BO11: 2025-11-25 21:18 | BP11: 已完成 | BQ11: 90 | BR11: 2025-11-25 22:00 | BS11: 已完成 | BT11: 80 | BU11: 2025-11-28 10:57 | BV11: 已完成 | BW11: 90 | BX11: 2025-11-28 10:57 | BY11: 已完成 | BZ11: 90 | CA11: 2025-11-20 07:47 | CB11: 已完成 | CC11: 80 | CD11: 2025-12-08 18:41 | CE11: 已完成
A12: 邓慧茹 | B12: 2022210337 | C12: 计算机与信息工程学院（大学计算机教学部） | D12: 计算机科学与技术 | E12: 计科221 | F12: 100 | G12: 2025-09-13 22:46 | H12: 已完成 | I12: 100 | J12: 2025-09-10 11:39 | K12: 已完成 | L12: 80 | M12: 2025-09-15 10:10 | N12: 已完成 | O12: 80 | P12: 2025-09-20 21:55 | Q12: 已完成 | R12: 100 | S12: 2025-09-20 21:57 | T12: 已完成 | U12: 80 | V12: 2025-09-26 16:15 | W12: 已完成 | X12: 95 | Y12: 2025-09-27 08:27 | Z12: 已完成 | AA12: 100 | AB12: 2025-09-26 16:47 | AC12: 已完成 | AD12: 100 | AE12: 2025-09-26 16:52 | AF12: 已完成 | AG12: 90 | AH12: 2025-09-29 10:33 | AI12: 已完成 | AJ12: 90 | AK12: 2025-10-09 08:13 | AL12: 已完成 | AM12: 80 | AN12: 2025-10-18 21:20 | AO12: 已完成 | AP12: 60 | AQ12: 2025-10-25 20:56 | AR12: 已完成 | AS12: 100 | AT12: 2025-10-15 21:14 | AU12: 已完成 | AV12: 100 | AW12: 2025-10-22 10:21 | AX12: 已完成 | AY12: 90 | AZ12: 2025-10-22 10:23 | BA12: 已完成 | BB12: 70 | BC12: 2025-11-01 19:42 | BD12: 已完成 | BE12: 80 | BF12: 2025-11-01 18:54 | BG12: 已完成 | BH12: 60 | BI12: 2025-11-01 19:41 | BJ12: 已完成 | BK12: 60 | BL12: 2025-11-15 20:18 | BM12: 已完成 | BN12: 100 | BO12: 2025-11-24 20:44 | BP12: 已完成 | BQ12: 90 | BR12: 2025-11-27 17:31 | BS12: 已完成 | BT12: 80 | BU12: 2025-11-28 12:42 | BV12: 已完成 | BW12: 90 | BX12: 2025-11-28 12:42 | BY12: 已完成 | BZ12: 90 | CA12: 2025-11-19 20:55 | CB12: 已完成 | CC12: 80 | CD12: 2025-12-08 19:38 | CE12: 已完成
A13: 丁玉耀 | B13: 2022210338 | C13: 计算机与信息工程学院（大学计算机教学部） | D13: 计算机科学与技术 | E13: 计科221 | H13: 未完成 | I13: 80 | J13: 2025-09-14 15:29 | K13: 已完成 | L13: 80 | M13: 2025-09-14 19:18 | N13: 已完成 | Q13: 未完成 | T13: 未完成 | W13: 未完成 | Z13: 未完成 | AC13: 未完成 | AF13: 未完成 | AI13: 未完成 | AL13: 未完成 | AO13: 未完成 | AR13: 未完成 | AU13: 未完成 | AX13: 未完成 | BA13: 未完成 | BD13: 未完成 | BG13: 未完成 | BJ13: 未完成 | BM13: 未完成 | BP13: 未完成 | BS13: 未完成 | BV13: 未完成 | BY13: 未完成 | CB13: 未完成 | CE13: 未完成
A14: 范鑫蕊 | B14: 2022210339 | C14: 计算机与信息工程学院（大学计算机教学部） | D14: 计算机科学与技术 | E14: 计科221 | F14: 100 | G14: 2025-09-13 22:23 | H14: 已完成 | I14: 100 | J14: 2025-09-10 22:17 | K14: 已完成 | L14: 100 | M14: 2025-09-14 20:15 | N14: 已完成 | O14: 80 | P14: 2025-09-20 20:32 | Q14: 已完成 | R14: 100 | S14: 2025-09-20 10:07 | T14: 已完成 | U14: 80 | V14: 2025-10-07 23:45 | W14: 已完成 | X14: 90 | Y14: 2025-09-27 21:41 | Z14: 已完成 | AA14: 100 | AB14: 2025-09-25 09:26 | AC14: 已完成 | AD14: 100 | AE14: 2025-09-25 09:30 | AF14: 已完成 | AG14: 80 | AH14: 2025-10-04 20:37 | AI14: 已完成 | AJ14: 90 | AK14: 2025-10-09 09:25 | AL14: 已完成 | AM14: 70 | AN14: 2025-10-18 19:33 | AO14: 已完成 | AP14: 80 | AQ14: 2025-10-25 11:29 | AR14: 已完成 | AS14: 100 | AT14: 2025-10-18 19:32 | AU14: 已完成 | AV14: 100 | AW14: 2025-10-22 09:54 | AX14: 已完成 | AY14: 100 | AZ14: 2025-10-22 10:06 | BA14: 已完成 | BB14: 70 | BC14: 2025-11-01 19:52 | BD14: 已完成 | BE14: 80 | BF14: 2025-11-01 18:23 | BG14: 已完成 | BH14: 70 | BI14: 2025-11-08 20:19 | BJ14: 已完成 | BK14: 60 | BL14: 2025-11-15 20:22 | BM14: 已完成 | BN14: 100 | BO14: 2025-11-24 21:16 | BP14: 已完成 | BQ14: 70 | BR14: 2025-11-27 14:12 | BS14: 已完成 | BT14: 80 | BU14: 2025-11-28 18:52 | BV14: 已完成 | BW14: 90 | BX14: 2025-11-28 18:52 | BY14: 已完成 | BZ14: 90 | CA14: 2025-11-19 20:37 | CB14: 已完成 | CC14: 70 | CD14: 2025-12-08 21:54 | CE14: 已完成
A15: 高恩鹏 | B15: 2022210342 | C15: 计算机与信息工程学院（大学计算机教学部） | D15: 计算机科学与技术 | E15: 计科221 | F15: 100 | G15: 2025-09-13 21:56 | H15: 已完成 | I15: 100 | J15: 2025-09-13 07:19 | K15: 已完成 | L15: 80 | M15: 2025-09-14 20:19 | N15: 已完成 | O15: 100 | P15: 2025-09-16 00:20 | Q15: 已完成 | R15: 100 | S15: 2025-09-18 07:52 | T15: 已完成 | U15: 100 | V15: 2025-10-08 15:57 | W15: 已完成 | X15: 80 | Y15: 2025-09-23 17:00 | Z15: 已完成 | AA15: 100 | AB15: 2025-09-27 17:55 | AC15: 已完成 | AD15: 100 | AE15: 2025-09-27 17:56 | AF15: 已完成 | AG15: 100 | AH15: 2025-10-04 17:25 | AI15: 已完成 | AJ15: 80 | AK15: 2025-10-11 14:07 | AL15: 已完成 | AM15: 80 | AN15: 2025-10-18 13:54 | AO15: 已完成 | AP15: 80 | AQ15: 2025-10-25 18:33 | AR15: 已完成 | AS15: 80 | AT15: 2025-10-18 14:13 | AU15: 已完成 | AV15: 100 | AW15: 2025-10-22 10:00 | AX15: 已完成 | AY15: 100 | AZ15: 2025-10-23 08:11 | BA15: 已完成 | BB15: 95 | BC15: 2025-10-31 14:48 | BD15: 已完成 | BE15: 60 | BF15: 2025-10-31 15:12 | BG15: 已完成 | BH15: 50 | BI15: 2025-11-08 21:44 | BJ15: 已完成 | BK15: 70 | BL15: 2025-11-15 20:34 | BM15: 已完成 | BN15: 100 | BO15: 2025-11-24 21:54 | BP15: 已完成 | BQ15: 100 | BR15: 2025-11-27 12:13 | BS15: 已完成 | BT15: 80 | BU15: 2025-11-28 22:03 | BV15: 已完成 | BW15: 80 | BX15: 2025-11-30 18:08 | BY15: 已完成 | BZ15: 90 | CA15: 2025-11-19 21:24 | CB15: 已完成 | CC15: 80 | CD15: 2025-12-08 20:58 | CE15: 已完成
A16: 关雪艳 | B16: 2022210343 | C16: 计算机与信息工程学院（大学计算机教学部） | D16: 计算机科学与技术 | E16: 计科221 | F16: 100 | G16: 2025-09-13 21:05 | H16: 已完成 | I16: 100 | J16: 2025-09-11 21:34 | K16: 已完成 | L16: 100 | M16: 2025-09-12 23:06 | N16: 已完成 | O16: 80 | P16: 2025-09-20 21:30 | Q16: 已完成 | R16: 100 | S16: 2025-09-20 18:35 | T16: 已完成 | U16: 100 | V16: 2025-10-08 11:39 | W16: 已完成 | X16: 90 | Y16: 2025-09-27 20:16 | Z16: 已完成 | AA16: 100 | AB16: 2025-09-27 14:58 | AC16: 已完成 | AD16: 100 | AE16: 2025-09-27 14:58 | AF16: 已完成 | AG16: 95 | AH16: 2025-09-28 11:36 | AI16: 已完成 | AJ16: 100 | AK16: 2025-10-09 08:19 | AL16: 已完成 | AM16: 80 | AN16: 2025-10-15 17:06 | AO16: 已完成 | AP16: 80 | AQ16: 2025-10-25 16:43 | AR16: 已完成 | AS16: 100 | AT16: 2025-10-16 08:07 | AU16: 已完成 | AV16: 100 | AW16: 2025-10-22 10:00 | AX16: 已完成 | AY16: 100 | AZ16: 2025-10-22 10:01 | BA16: 已完成 | BB16: 70 | BC16: 2025-11-01 15:57 | BD16: 已完成 | BE16: 80 | BF16: 2025-11-01 17:09 | BG16: 已完成 | BH16: 70 | BI16: 2025-11-08 20:18 | BJ16: 已完成 | BK16: 60 | BL16: 2025-11-15 20:22 | BM16: 已完成 | BN16: 100 | BO16: 2025-11-24 21:20 | BP16: 已完成 | BQ16: 100 | BR16: 2025-11-24 21:16 | BS16: 已完成 | BT16: 90 | BU16: 2025-11-28 13:29 | BV16: 已完成 | BW16: 90 | BX16: 2025-11-28 13:29 | BY16: 已完成 | BZ16: 100 | CA16: 2025-11-19 20:23 | CB16: 已完成 | CC16: 80 | CD16: 2025-12-08 20:42 | CE16: 已完成
A17: 郭新杰 | B17: 2022210344 | C17: 计算机与信息工程学院（大学计算机教学部） | D17: 计算机科学与技术 | E17: 计科221 | F17: 100 | G17: 2025-09-13 22:46 | H17: 已完成 | I17: 100 | J17: 2025-09-11 08:46 | K17: 已完成 | L17: 80 | M17: 2025-09-14 20:39 | N17: 已完成 | O17: 90 | P17: 2025-09-20 21:59 | Q17: 已完成 | R17: 100 | S17: 2025-09-20 08:17 | T17: 已完成 | U17: 80 | V17: 2025-10-09 09:13 | W17: 已完成 | X17: 70 | Y17: 2025-09-27 19:49 | Z17: 已完成 | AA17: 100 | AB17: 2025-09-25 08:27 | AC17: 已完成 | AD17: 100 | AE17: 2025-09-25 08:26 | AF17: 已完成 | AG17: 100 | AH17: 2025-10-03 22:56 | AI17: 已完成 | AJ17: 90 | AK17: 2025-10-09 08:45 | AL17: 已完成 | AM17: 80 | AN17: 2025-10-16 20:20 | AO17: 已完成 | AP17: 70 | AQ17: 2025-10-25 14:35 | AR17: 已完成 | AS17: 80 | AT17: 2025-10-16 09:23 | AU17: 已完成 | AV17: 100 | AW17: 2025-10-21 21:03 | AX17: 已完成 | AY17: 80 | AZ17: 2025-10-22 10:13 | BA17: 已完成 | BB17: 70 | BC17: 2025-11-01 15:49 | BD17: 已完成 | BE17: 80 | BF17: 2025-11-01 16:40 | BG17: 已完成 | BH17: 60 | BI17: 2025-11-08 16:30 | BJ17: 已完成 | BK17: 60 | BL17: 2025-11-15 20:30 | BM17: 已完成 | BN17: 100 | BO17: 2025-11-24 21:13 | BP17: 已完成 | BQ17: 90 | BR17: 2025-11-27 17:30 | BS17: 已完成 | BT17: 80 | BU17: 2025-11-29 14:13 | BV17: 已完成 | BW17: 90 | BX17: 2025-11-29 14:13 | BY17: 已完成 | BZ17: 90 | CA17: 2025-11-19 20:32 | CB17: 已完成 | CC17: 70 | CD17: 2025-12-08 21:57 | CE17: 已完成
A18: 洪晓瑞 | B18: 2022210346 | C18: 计算机与信息工程学院（大学计算机教学部） | D18: 计算机科学与技术 | E18: 计科221 | F18: 100 | G18: 2025-09-13 22:54 | H18: 已完成 | I18: 100 | J18: 2025-09-10 11:41 | K18: 已完成 | L18: 100 | M18: 2025-09-14 17:33 | N18: 已完成 | O18: 100 | P18: 2025-09-20 18:06 | Q18: 已完成 | R18: 100 | S18: 2025-09-20 17:32 | T18: 已完成 | U18: 80 | V18: 2025-10-08 15:41 | W18: 已完成 | X18: 80 | Y18: 2025-09-27 18:05 | Z18: 已完成 | AA18: 80 | AB18: 2025-09-27 18:11 | AC18: 已完成 | AD18: 80 | AE18: 2025-09-27 18:13 | AF18: 已完成 | AG18: 100 | AH18: 2025-10-04 18:23 | AI18: 已完成 | AJ18: 80 | AK18: 2025-10-11 20:31 | AL18: 已完成 | AM18: 70 | AN18: 2025-10-18 20:14 | AO18: 已完成 | AP18: 80 | AQ18: 2025-10-25 13:12 | AR18: 已完成 | AS18: 100 | AT18: 2025-10-18 20:16 | AU18: 已完成 | AV18: 100 | AW18: 2025-10-22 11:19 | AX18: 已完成 | AY18: 100 | AZ18: 2025-10-23 08:13 | BA18: 已完成 | BB18: 95 | BC18: 2025-10-31 14:47 | BD18: 已完成 | BE18: 60 | BF18: 2025-10-31 14:58 | BG18: 已完成 | BH18: 60 | BI18: 2025-11-08 21:26 | BJ18: 已完成 | BK18: 70 | BL18: 2025-11-15 20:40 | BM18: 已完成 | BN18: 100 | BO18: 2025-11-24 21:38 | BP18: 已完成 | BQ18: 100 | BR18: 2025-11-26 14:44 | BS18: 已完成 | BT18: 90 | BU18: 2025-11-27 20:34 | BV18: 已完成 | BW18: 80 | BX18: 2025-11-30 18:25 | BY18: 已完成 | BZ18: 90 | CA18: 2025-11-19 22:05 | CB18: 已完成 | CC18: 80 | CD18: 2025-12-08 18:14 | CE18: 已完成
A19: 胡步兴 | B19: 2022210347 | C19: 计算机与信息工程学院（大学计算机教学部） | D19: 计算机科学与技术 | E19: 计科221 | F19: 100 | G19: 2025-09-13 22:47 | H19: 已完成 | I19: 100 | J19: 2025-09-12 19:57 | K19: 已完成 | L19: 100 | M19: 2025-09-12 21:04 | N19: 已完成 | O19: 90 | P19: 2025-09-20 20:29 | Q19: 已完成 | R19: 100 | S19: 2025-09-20 20:09 | T19: 已完成 | U19: 90 | V19: 2025-10-08 15:38 | W19: 已完成 | X19: 90 | Y19: 2025-09-27 20:14 | Z19: 已完成 | AA19: 100 | AB19: 2025-09-27 14:59 | AC19: 已完成 | AD19: 100 | AE19: 2025-09-27 14:59 | AF19: 已完成 | AG19: 95 | AH19: 2025-09-28 11:46 | AI19: 已完成 | AJ19: 100 | AK19: 2025-10-09 08:16 | AL19: 已完成 | AM19: 90 | AN19: 2025-10-13 11:24 | AO19: 已完成 | AP19: 80 | AQ19: 2025-10-25 16:40 | AR19: 已完成 | AS19: 100 | AT19: 2025-10-16 08:12 | AU19: 已完成 | AV19: 100 | AW19: 2025-10-22 09:55 | AX19: 已完成 | AY19: 100 | AZ19: 2025-10-22 09:58 | BA19: 已完成 | BB19: 70 | BC19: 2025-11-01 17:10 | BD19: 已完成 | BE19: 80 | BF19: 2025-11-01 17:10 | BG19: 已完成 | BH19: 70 | BI19: 2025-11-08 20:19 | BJ19: 已完成 | BK19: 60 | BL19: 2025-11-15 20:23 | BM19: 已完成 | BN19: 100 | BO19: 2025-11-24 21:22 | BP19: 已完成 | BQ19: 100 | BR19: 2025-11-24 21:15 | BS19: 已完成 | BT19: 90 | BU19: 2025-11-28 13:25 | BV19: 已完成 | BW19: 90 | BX19: 2025-11-28 13:28 | BY19: 已完成 | BZ19: 90 | CA19: 2025-11-19 20:24 | CB19: 已完成 | CC19: 80 | CD19: 2025-12-08 20:58 | CE19: 已完成
A20: 胡昊泱 | B20: 2022210348 | C20: 计算机与信息工程学院（大学计算机教学部） | D20: 计算机科学与技术 | E20: 计科221 | F20: 100 | G20: 2025-09-13 21:16 | H20: 已完成 | I20: 100 | J20: 2025-09-13 21:56 | K20: 已完成 | L20: 100 | M20: 2025-09-14 20:08 | N20: 已完成 | O20: 80 | P20: 2025-09-20 19:07 | Q20: 已完成 | R20: 100 | S20: 2025-09-20 19:10 | T20: 已完成 | U20: 90 | V20: 2025-10-07 21:32 | W20: 已完成 | X20: 70 | Y20: 2025-09-27 19:13 | Z20: 已完成 | AA20: 90 | AB20: 2025-09-27 18:28 | AC20: 已完成 | AD20: 90 | AE20: 2025-09-27 18:31 | AF20: 已完成 | AG20: 100 | AH20: 2025-10-04 17:43 | AI20: 已完成 | AJ20: 90 | AK20: 2025-10-09 09:02 | AL20: 已完成 | AM20: 80 | AN20: 2025-10-18 21:18 | AO20: 已完成 | AP20: 70 | AQ20: 2025-10-25 20:38 | AR20: 已完成 | AS20: 100 | AT20: 2025-10-18 21:21 | AU20: 已完成 | AV20: 100 | AW20: 2025-10-22 00:01 | AX20: 已完成 | AY20: 80 | AZ20: 2025-10-22 10:21 | BA20: 已完成 | BB20: 70 | BC20: 2025-11-01 21:19 | BD20: 已完成 | BE20: 80 | BF20: 2025-11-01 21:30 | BG20: 已完成 | BH20: 100 | BI20: 2025-11-08 21:26 | BJ20: 已完成 | BK20: 80 | BL20: 2025-11-15 21:52 | BM20: 已完成 | BN20: 80 | BO20: 2025-11-24 21:41 | BP20: 已完成 | BQ20: 100 | BR20: 2025-11-27 21:27 | BS20: 已完成 | BT20: 80 | BU20: 2025-11-29 20:27 | BV20: 已完成 | BW20: 90 | BX20: 2025-11-30 21:57 | BY20: 已完成 | BZ20: 90 | CA20: 2025-11-19 21:12 | CB20: 已完成 | CC20: 80 | CD20: 2025-12-08 21:59 | CE20: 已完成
A21: 季玮 | B21: 2022210351 | C21: 计算机与信息工程学院（大学计算机教学部） | D21: 计算机科学与技术 | E21: 计科221 | F21: 100 | G21: 2025-09-13 20:19 | H21: 已完成 | I21: 100 | J21: 2025-09-13 19:58 | K21: 已完成 | L21: 100 | M21: 2025-09-13 20:18 | N21: 已完成 | O21: 80 | P21: 2025-09-20 17:28 | Q21: 已完成 | R21: 100 | S21: 2025-09-20 20:23 | T21: 已完成 | U21: 90 | V21: 2025-10-08 13:36 | W21: 已完成 | X21: 100 | Y21: 2025-09-27 20:20 | Z21: 已完成 | AA21: 100 | AB21: 2025-09-25 08:26 | AC21: 已完成 | AD21: 100 | AE21: 2025-09-25 08:27 | AF21: 已完成 | AG21: 100 | AH21: 2025-10-04 21:44 | AI21: 已完成 | AJ21: 80 | AK21: 2025-10-09 08:16 | AL21: 已完成 | AM21: 90 | AN21: 2025-10-18 08:20 | AO21: 已完成 | AP21: 80 | AQ21: 2025-10-25 00:42 | AR21: 已完成 | AS21: 100 | AT21: 2025-10-18 08:07 | AU21: 已完成 | AV21: 100 | AW21: 2025-10-21 19:24 | AX21: 已完成 | AY21: 80 | AZ21: 2025-10-22 21:47 | BA21: 已完成 | BB21: 70 | BC21: 2025-11-01 18:48 | BD21: 已完成 | BE21: 70 | BF21: 2025-11-01 20:13 | BG21: 已完成 | BH21: 100 | BI21: 2025-11-08 19:12 | BJ21: 已完成 | BK21: 80 | BL21: 2025-11-15 21:12 | BM21: 已完成 | BN21: 100 | BO21: 2025-11-24 21:44 | BP21: 已完成 | BQ21: 90 | BR21: 2025-11-27 21:48 | BS21: 已完成 | BT21: 70 | BU21: 2025-11-29 20:19 | BV21: 已完成 | BW21: 90 | BX21: 2025-11-30 21:32 | BY21: 已完成 | BZ21: 90 | CA21: 2025-11-19 21:18 | CB21: 已完成 | CC21: 80 | CD21: 2025-12-08 21:57 | CE21: 已完成
A22: 李宝航 | B22: 2022210359 | C22: 计算机与信息工程学院（大学计算机教学部） | D22: 计算机科学与技术 | E22: 计科221 | H22: 未完成 | K22: 未完成 | N22: 未完成 | Q22: 未完成 | T22: 未完成 | W22: 未完成 | Z22: 未完成 | AC22: 未完成 | AF22: 未完成 | AI22: 未完成 | AL22: 未完成 | AO22: 未完成 | AR22: 未完成 | AU22: 未完成 | AX22: 未完成 | BA22: 未完成 | BD22: 未完成 | BG22: 未完成 | BH22: 70 | BI22: 2025-11-07 17:41 | BJ22: 已完成 | BK22: 90 | BL22: 2025-11-15 21:16 | BM22: 已完成 | BN22: 80 | BO22: 2025-11-29 20:53 | BP22: 已完成 | BQ22: 80 | BR22: 2025-11-27 21:22 | BS22: 已完成 | BT22: 80 | BU22: 2025-11-29 19:24 | BV22: 已完成 | BW22: 80 | BX22: 2025-11-30 21:45 | BY22: 已完成 | BZ22: 90 | CA22: 2025-11-20 18:30 | CB22: 已完成 | CE22: 未完成
A23: 李浩 | B23: 2022210360 | C23: 计算机与信息工程学院（大学计算机教学部） | D23: 计算机科学与技术 | E23: 计科221 | F23: 100 | G23: 2025-09-13 19:36 | H23: 已完成 | I23: 80 | J23: 2025-09-11 09:10 | K23: 已完成 | L23: 100 | M23: 2025-09-13 14:32 | N23: 已完成 | O23: 95 | P23: 2025-09-20 12:44 | Q23: 已完成 | R23: 60 | S23: 2025-09-20 12:47 | T23: 已完成 | U23: 80 | V23: 2025-10-08 00:02 | W23: 已完成 | X23: 80 | Y23: 2025-09-26 16:33 | Z23: 已完成 | AA23: 100 | AB23: 2025-09-26 14:23 | AC23: 已完成 | AD23: 100 | AE23: 2025-09-26 14:25 | AF23: 已完成 | AG23: 100 | AH23: 2025-10-04 14:55 | AI23: 已完成 | AJ23: 100 | AK23: 2025-10-09 09:13 | AL23: 已完成 | AM23: 90 | AN23: 2025-10-18 00:13 | AO23: 已完成 | AP23: 80 | AQ23: 2025-10-24 23:59 | AR23: 已完成 | AS23: 80 | AT23: 2025-10-18 00:18 | AU23: 已完成 | AV23: 100 | AW23: 2025-10-21 23:01 | AX23: 已完成 | AY23: 100 | AZ23: 2025-10-22 10:02 | BA23: 已完成 | BB23: 70 | BC23: 2025-11-01 00:25 | BD23: 已完成 | BE23: 50 | BF23: 2025-11-01 00:40 | BG23: 已完成 | BH23: 100 | BI23: 2025-11-08 19:07 | BJ23: 已完成 | BK23: 50 | BL23: 2025-11-15 18:49 | BM23: 已完成 | BN23: 90 | BO23: 2025-11-24 15:57 | BP23: 已完成 | BQ23: 80 | BR23: 2025-11-27 11:34 | BS23: 已完成 | BT23: 70 | BU23: 2025-11-28 23:42 | BV23: 已完成 | BW23: 80 | BX23: 2025-11-30 20:01 | BY23: 已完成 | BZ23: 90 | CA23: 2025-11-19 18:48 | CB23: 已完成 | CC23: 70 | CD23: 2025-12-08 20:53 | CE23: 已完成
A24: 李今朝 | B24: 2022210361 | C24: 计算机与信息工程学院（大学计算机教学部） | D24: 计算机科学与技术 | E24: 计科221 | F24: 100 | G24: 2025-09-13 22:45 | H24: 已完成 | I24: 100 | J24: 2025-09-13 19:57 | K24: 已完成 | L24: 80 | M24: 2025-09-14 21:28 | N24: 已完成 | O24: 90 | P24: 2025-09-20 18:24 | Q24: 已完成 | R24: 100 | S24: 2025-09-20 18:24 | T24: 已完成 | U24: 80 | V24: 2025-10-08 16:20 | W24: 已完成 | X24: 80 | Y24: 2025-09-27 17:23 | Z24: 已完成 | AA24: 100 | AB24: 2025-09-27 15:54 | AC24: 已完成 | AD24: 100 | AE24: 2025-09-27 15:54 | AF24: 已完成 | AG24: 100 | AH24: 2025-10-04 21:31 | AI24: 已完成 | AJ24: 80 | AK24: 2025-10-11 19:02 | AL24: 已完成 | AM24: 70 | AN24: 2025-10-18 20:07 | AO24: 已完成 | AR24: 未完成 | AS24: 100 | AT24: 2025-10-18 20:12 | AU24: 已完成 | AV24: 100 | AW24: 2025-10-22 11:20 | AX24: 已完成 | AY24: 100 | AZ24: 2025-10-23 08:15 | BA24: 已完成 | BB24: 60 | BC24: 2025-11-01 20:35 | BD24: 已完成 | BE24: 50 | BF24: 2025-11-01 20:38 | BG24: 已完成 | BH24: 60 | BI24: 2025-11-08 18:25 | BJ24: 已完成 | BK24: 90 | BL24: 2025-11-15 20:25 | BM24: 已完成 | BN24: 100 | BO24: 2025-11-24 21:56 | BP24: 已完成 | BQ24: 70 | BR24: 2025-11-27 21:45 | BS24: 已完成 | BT24: 70 | BU24: 2025-11-29 20:12 | BV24: 已完成 | BW24: 90 | BX24: 2025-11-30 19:30 | BY24: 已完成 | BZ24: 90 | CA24: 2025-11-19 20:28 | CB24: 已完成 | CC24: 70 | CD24: 2025-12-08 21:18 | CE24: 已完成
A25: 李良辰 | B25: 2022210362 | C25: 计算机与信息工程学院（大学计算机教学部） | D25: 计算机科学与技术 | E25: 计科221 | F25: 100 | G25: 2025-09-12 23:33 | H25: 已完成 | I25: 100 | J25: 2025-09-10 13:19 | K25: 已完成 | L25: 100 | M25: 2025-09-12 21:03 | N25: 已完成 | O25: 80 | P25: 2025-09-20 20:59 | Q25: 已完成 | R25: 100 | S25: 2025-09-20 20:45 | T25: 已完成 | U25: 60 | V25: 2025-10-08 16:29 | W25: 已完成 | X25: 70 | Y25: 2025-09-24 23:36 | Z25: 已完成 | AA25: 100 | AB25: 2025-09-24 22:30 | AC25: 已完成 | AD25: 100 | AE25: 2025-09-24 22:36 | AF25: 已完成 | AG25: 90 | AH25: 2025-10-04 21:48 | AI25: 已完成 | AJ25: 80 | AK25: 2025-10-11 08:23 | AL25: 已完成 | AM25: 50 | AN25: 2025-10-17 22:57 | AO25: 已完成 | AP25: 80 | AQ25: 2025-10-25 14:23 | AR25: 已完成 | AS25: 80 | AT25: 2025-10-16 19:52 | AU25: 已完成 | AV25: 90 | AW25: 2025-10-21 22:58 | AX25: 已完成 | AY25: 90 | AZ25: 2025-10-21 23:00 | BA25: 已完成 | BB25: 50 | BC25: 2025-10-29 18:39 | BD25: 已完成 | BE25: 80 | BF25: 2025-11-01 20:13 | BG25: 已完成 | BH25: 80 | BI25: 2025-11-08 19:07 | BJ25: 已完成 | BK25: 70 | BL25: 2025-11-15 20:44 | BM25: 已完成 | BN25: 80 | BO25: 2025-11-24 21:49 | BP25: 已完成 | BQ25: 90 | BR25: 2025-11-27 21:04 | BS25: 已完成 | BT25: 90 | BU25: 2025-11-29 21:36 | BV25: 已完成 | BW25: 80 | BX25: 2025-11-30 21:56 | BY25: 已完成 | BZ25: 90 | CA25: 2025-11-19 21:33 | CB25: 已完成 | CC25: 70 | CD25: 2025-12-08 21:53 | CE25: 已完成
A26: 梁平 | B26: 2022210367 | C26: 计算机与信息工程学院（大学计算机教学部） | D26: 计算机科学与技术 | E26: 计科221 | F26: 80 | G26: 2025-09-13 22:13 | H26: 已完成 | I26: 100 | J26: 2025-09-13 19:52 | K26: 已完成 | L26: 80 | M26: 2025-09-14 20:33 | N26: 已完成 | O26: 90 | P26: 2025-09-20 20:24 | Q26: 已完成 | R26: 100 | S26: 2025-09-19 14:06 | T26: 已完成 | U26: 80 | V26: 2025-10-08 12:06 | W26: 已完成 | X26: 80 | Y26: 2025-09-27 21:50 | Z26: 已完成 | AA26: 100 | AB26: 2025-09-25 21:05 | AC26: 已完成 | AD26: 100 | AE26: 2025-09-25 21:08 | AF26: 已完成 | AG26: 100 | AH26: 2025-10-04 21:39 | AI26: 已完成 | AJ26: 90 | AK26: 2025-10-09 07:55 | AL26: 已完成 | AM26: 60 | AN26: 2025-10-17 17:22 | AO26: 已完成 | AP26: 90 | AQ26: 2025-10-24 21:07 | AR26: 已完成 | AS26: 100 | AT26: 2025-10-16 22:47 | AU26: 已完成 | AV26: 100 | AW26: 2025-10-21 19:21 | AX26: 已完成 | AY26: 100 | AZ26: 2025-10-21 19:23 | BA26: 已完成 | BB26: 60 | BC26: 2025-11-01 18:37 | BD26: 已完成 | BE26: 50 | BF26: 2025-11-01 14:47 | BG26: 已完成 | BH26: 80 | BI26: 2025-11-08 19:50 | BJ26: 已完成 | BK26: 90 | BL26: 2025-11-15 21:16 | BM26: 已完成 | BN26: 100 | BO26: 2025-11-24 21:45 | BP26: 已完成 | BQ26: 90 | BR26: 2025-11-27 19:48 | BS26: 已完成 | BT26: 80 | BU26: 2025-11-29 17:56 | BV26: 已完成 | BW26: 80 | BX26: 2025-11-30 21:52 | BY26: 已完成 | BZ26: 90 | CA26: 2025-11-19 20:02 | CB26: 已完成 | CE26: 未完成
A27: 陆征宇 | B27: 2022210371 | C27: 计算机与信息工程学院（大学计算机教学部） | D27: 计算机科学与技术 | E27: 计科221 | F27: 80 | G27: 2025-09-13 21:08 | H27: 已完成 | I27: 100 | J27: 2025-09-13 20:52 | K27: 已完成 | L27: 80 | M27: 2025-09-14 18:41 | N27: 已完成 | O27: 90 | P27: 2025-09-20 20:08 | Q27: 已完成 | R27: 100 | S27: 2025-09-20 19:43 | T27: 已完成 | U27: 80 | V27: 2025-10-08 13:40 | W27: 已完成 | X27: 100 | Y27: 2025-09-27 21:53 | Z27: 已完成 | AA27: 80 | AB27: 2025-09-27 21:52 | AC27: 已完成 | AD27: 80 | AE27: 2025-09-27 21:51 | AF27: 已完成 | AG27: 90 | AH27: 2025-10-04 20:12 | AI27: 已完成 | AJ27: 100 | AK27: 2025-10-09 09:11 | AL27: 已完成 | AM27: 70 | AN27: 2025-10-18 21:55 | AO27: 已完成 | AP27: 70 | AQ27: 2025-10-25 20:36 | AR27: 已完成 | AS27: 100 | AT27: 2025-10-16 08:19 | AU27: 已完成 | AV27: 100 | AW27: 2025-10-21 23:54 | AX27: 已完成 | AY27: 100 | AZ27: 2025-10-22 10:23 | BA27: 已完成 | BB27: 70 | BC27: 2025-11-01 19:42 | BD27: 已完成 | BE27: 80 | BF27: 2025-11-01 19:55 | BG27: 已完成 | BH27: 80 | BI27: 2025-11-08 15:03 | BJ27: 已完成 | BK27: 80 | BL27: 2025-11-15 21:53 | BM27: 已完成 | BN27: 100 | BO27: 2025-11-24 21:59 | BP27: 已完成 | BQ27: 90 | BR27: 2025-11-27 19:59 | BS27: 已完成 | BT27: 80 | BU27: 2025-11-29 20:11 | BV27: 已完成 | BW27: 80 | BX27: 2025-11-30 21:56 | BY27: 已完成 | BZ27: 90 | CA27: 2025-11-19 21:04 | CB27: 已完成 | CC27: 70 | CD27: 2025-12-08 21:12 | CE27: 已完成
A28: 苗佳宇 | B28: 2022210374 | C28: 计算机与信息工程学院（大学计算机教学部） | D28: 计算机科学与技术 | E28: 计科221 | F28: 100 | G28: 2025-09-13 18:38 | H28: 已完成 | I28: 100 | J28: 2025-09-12 23:08 | K28: 已完成 | L28: 100 | M28: 2025-09-14 20:11 | N28: 已完成 | O28: 100 | P28: 2025-09-20 12:21 | Q28: 已完成 | R28: 100 | S28: 2025-09-19 19:45 | T28: 已完成 | U28: 90 | V28: 2025-09-27 12:11 | W28: 已完成 | X28: 95 | Y28: 2025-09-27 11:47 | Z28: 已完成 | AA28: 100 | AB28: 2025-09-26 23:35 | AC28: 已完成 | AD28: 100 | AE28: 2025-09-26 23:37 | AF28: 已完成 | AG28: 100 | AH28: 2025-10-03 23:57 | AI28: 已完成 | AJ28: 100 | AK28: 2025-10-11 12:24 | AL28: 已完成 | AM28: 70 | AN28: 2025-10-17 23:30 | AO28: 已完成 | AP28: 80 | AQ28: 2025-10-25 12:04 | AR28: 已完成 | AS28: 100 | AT28: 2025-10-17 23:11 | AU28: 已完成 | AV28: 100 | AW28: 2025-10-21 23:09 | AX28: 已完成 | AY28: 100 | AZ28: 2025-10-22 10:06 | BA28: 已完成 | BB28: 80 | BC28: 2025-11-01 12:11 | BD28: 已完成 | BE28: 50 | BF28: 2025-11-01 12:06 | BG28: 已完成 | BH28: 100 | BI28: 2025-11-08 19:29 | BJ28: 已完成 | BK28: 70 | BL28: 2025-11-15 19:20 | BM28: 已完成 | BN28: 90 | BO28: 2025-11-24 19:05 | BP28: 已完成 | BQ28: 80 | BR28: 2025-11-27 00:24 | BS28: 已完成 | BT28: 80 | BU28: 2025-11-28 23:41 | BV28: 已完成 | BW28: 80 | BX28: 2025-11-30 19:54 | BY28: 已完成 | BZ28: 90 | CA28: 2025-11-19 18:37 | CB28: 已完成 | CC28: 80 | CD28: 2025-12-08 20:17 | CE28: 已完成
A29: 庞雨俊 | B29: 2022210376 | C29: 计算机与信息工程学院（大学计算机教学部） | D29: 计算机科学与技术 | E29: 计科221 | F29: 100 | G29: 2025-09-13 21:48 | H29: 已完成 | I29: 100 | J29: 2025-09-13 20:19 | K29: 已完成 | L29: 80 | M29: 2025-09-14 16:45 | N29: 已完成 | O29: 80 | P29: 2025-09-20 21:11 | Q29: 已完成 | R29: 100 | S29: 2025-09-20 16:00 | T29: 已完成 | U29: 90 | V29: 2025-10-08 15:54 | W29: 已完成 | X29: 70 | Y29: 2025-09-27 16:14 | Z29: 已完成 | AA29: 100 | AB29: 2025-09-27 16:23 | AC29: 已完成 | AD29: 100 | AE29: 2025-09-27 16:23 | AF29: 已完成 | AG29: 100 | AH29: 2025-10-04 21:52 | AI29: 已完成 | AJ29: 90 | AK29: 2025-10-10 11:54 | AL29: 已完成 | AM29: 70 | AN29: 2025-10-18 21:52 | AO29: 已完成 | AP29: 70 | AQ29: 2025-10-25 20:25 | AR29: 已完成 | AS29: 80 | AT29: 2025-10-18 20:13 | AU29: 已完成 | AV29: 100 | AW29: 2025-10-22 10:12 | AX29: 已完成 | AY29: 100 | AZ29: 2025-10-22 10:18 | BA29: 已完成 | BB29: 95 | BC29: 2025-10-31 15:59 | BD29: 已完成 | BE29: 80 | BF29: 2025-11-01 13:48 | BG29: 已完成 | BH29: 70 | BI29: 2025-11-07 12:10 | BJ29: 已完成 | BK29: 90 | BL29: 2025-11-14 12:41 | BM29: 已完成 | BN29: 100 | BO29: 2025-11-24 22:11 | BP29: 已完成 | BQ29: 100 | BR29: 2025-11-26 19:30 | BS29: 已完成 | BT29: 90 | BU29: 2025-11-29 20:04 | BV29: 已完成 | BW29: 80 | BX29: 2025-11-30 10:43 | BY29: 已完成 | BZ29: 90 | CA29: 2025-11-17 17:36 | CB29: 已完成 | CC29: 80 | CD29: 2025-12-08 20:30 | CE29: 已完成
A30: 戚锐 | B30: 2022210378 | C30: 计算机与信息工程学院（大学计算机教学部） | D30: 计算机科学与技术 | E30: 计科221 | F30: 100 | G30: 2025-09-13 18:52 | H30: 已完成 | I30: 100 | J30: 2025-09-13 18:10 | K30: 已完成 | L30: 100 | M30: 2025-09-14 20:12 | N30: 已完成 | O30: 100 | P30: 2025-09-20 11:35 | Q30: 已完成 | R30: 100 | S30: 2025-09-19 22:40 | T30: 已完成 | U30: 90 | V30: 2025-09-27 11:31 | W30: 已完成 | X30: 100 | Y30: 2025-09-27 17:00 | Z30: 已完成 | AA30: 100 | AB30: 2025-09-27 11:18 | AC30: 已完成 | AD30: 100 | AE30: 2025-09-27 11:29 | AF30: 已完成 | AG30: 100 | AH30: 2025-10-04 12:49 | AI30: 已完成 | AJ30: 80 | AK30: 2025-10-11 20:34 | AL30: 已完成 | AM30: 95 | AN30: 2025-10-17 23:05 | AO30: 已完成 | AP30: 80 | AQ30: 2025-10-25 00:27 | AR30: 已完成 | AS30: 100 | AT30: 2025-10-17 23:08 | AU30: 已完成 | AV30: 100 | AW30: 2025-10-21 23:56 | AX30: 已完成 | AY30: 100 | AZ30: 2025-10-23 00:07 | BA30: 已完成 | BB30: 80 | BC30: 2025-11-01 08:22 | BD30: 已完成 | BE30: 60 | BF30: 2025-11-01 12:46 | BG30: 已完成 | BH30: 100 | BI30: 2025-11-08 19:00 | BJ30: 已完成 | BK30: 70 | BL30: 2025-11-15 19:09 | BM30: 已完成 | BN30: 100 | BO30: 2025-11-24 16:45 | BP30: 已完成 | BQ30: 90 | BR30: 2025-11-27 12:01 | BS30: 已完成 | BT30: 80 | BU30: 2025-11-29 19:23 | BV30: 已完成 | BW30: 80 | BX30: 2025-11-30 21:56 | BY30: 已完成 | BZ30: 90 | CA30: 2025-11-19 18:30 | CB30: 已完成 | CC30: 80 | CD30: 2025-12-08 19:46 | CE30: 已完成
A31: 任奕凯 | B31: 2022210380 | C31: 计算机与信息工程学院（大学计算机教学部） | D31: 计算机科学与技术 | E31: 计科221 | F31: 100 | G31: 2025-09-13 21:00 | H31: 已完成 | I31: 100 | J31: 2025-09-11 21:25 | K31: 已完成 | L31: 100 | M31: 2025-09-13 22:37 | N31: 已完成 | O31: 80 | P31: 2025-09-20 20:49 | Q31: 已完成 | R31: 100 | S31: 2025-09-18 07:49 | T31: 已完成 | U31: 90 | V31: 2025-10-08 12:08 | W31: 已完成 | X31: 70 | Y31: 2025-09-27 18:56 | Z31: 已完成 | AA31: 100 | AB31: 2025-09-25 08:18 | AC31: 已完成 | AD31: 100 | AE31: 2025-09-25 08:19 | AF31: 已完成 | AG31: 100 | AH31: 2025-10-03 10:45 | AI31: 已完成 | AJ31: 100 | AK31: 2025-10-09 08:31 | AL31: 已完成 | AM31: 80 | AN31: 2025-10-18 15:10 | AO31: 已完成 | AP31: 80 | AQ31: 2025-10-25 18:38 | AR31: 已完成 | AS31: 100 | AT31: 2025-10-16 08:14 | AU31: 已完成 | AV31: 100 | AW31: 2025-10-21 12:02 | AX31: 已完成 | AY31: 100 | AZ31: 2025-10-21 12:02 | BA31: 已完成 | BB31: 70 | BC31: 2025-11-01 21:28 | BD31: 已完成 | BE31: 80 | BF31: 2025-11-01 19:51 | BG31: 已完成 | BH31: 100 | BI31: 2025-11-08 19:01 | BJ31: 已完成 | BK31: 80 | BL31: 2025-11-15 21:55 | BM31: 已完成 | BN31: 100 | BO31: 2025-11-24 21:31 | BP31: 已完成 | BQ31: 90 | BR31: 2025-11-27 20:07 | BS31: 已完成 | BT31: 70 | BU31: 2025-11-29 21:46 | BV31: 已完成 | BW31: 90 | BX31: 2025-11-30 21:52 | BY31: 已完成 | BZ31: 90 | CA31: 2025-11-19 21:05 | CB31: 已完成 | CE31: 未完成
A32: 阮珧 | B32: 2022210381 | C32: 计算机与信息工程学院（大学计算机教学部） | D32: 计算机科学与技术 | E32: 计科222 | F32: 80 | G32: 2025-09-13 21:55 | H32: 已完成 | I32: 100 | J32: 2025-09-11 08:58 | K32: 已完成 | L32: 80 | M32: 2025-09-14 15:21 | N32: 已完成 | O32: 80 | P32: 2025-09-20 21:57 | Q32: 已完成 | R32: 100 | S32: 2025-09-20 09:13 | T32: 已完成 | U32: 80 | V32: 2025-10-08 15:53 | W32: 已完成 | X32: 80 | Y32: 2025-09-27 16:52 | Z32: 已完成 | AA32: 100 | AB32: 2025-09-26 16:01 | AC32: 已完成 | AD32: 100 | AE32: 2025-09-26 23:32 | AF32: 已完成 | AG32: 80 | AH32: 2025-10-03 22:34 | AI32: 已完成 | AJ32: 90 | AK32: 2025-10-10 22:14 | AL32: 已完成 | AM32: 60 | AN32: 2025-10-16 13:57 | AO32: 已完成 | AP32: 80 | AQ32: 2025-10-16 16:59 | AR32: 已完成 | AS32: 80 | AT32: 2025-10-16 08:04 | AU32: 已完成 | AV32: 90 | AW32: 2025-10-21 22:44 | AX32: 已完成 | AY32: 90 | AZ32: 2025-10-21 22:45 | BA32: 已完成 | BB32: 60 | BC32: 2025-10-31 23:45 | BD32: 已完成 | BE32: 80 | BF32: 2025-11-01 18:43 | BG32: 已完成 | BH32: 70 | BI32: 2025-11-08 20:29 | BJ32: 已完成 | BK32: 70 | BL32: 2025-11-16 09:03 | BM32: 已完成 | BN32: 80 | BO32: 2025-11-24 20:21 | BP32: 已完成 | BQ32: 70 | BR32: 2025-11-27 11:53 | BS32: 已完成 | BT32: 80 | BU32: 2025-11-29 21:39 | BV32: 已完成 | BW32: 70 | BX32: 2025-11-30 21:58 | BY32: 已完成 | BZ32: 90 | CA32: 2025-11-19 21:33 | CB32: 已完成 | CC32: 80 | CD32: 2025-12-08 17:26 | CE32: 已完成
A33: 孙嘉婧 | B33: 2022210384 | C33: 计算机与信息工程学院（大学计算机教学部） | D33: 计算机科学与技术 | E33: 计科222 | F33: 80 | G33: 2025-09-13 23:05 | H33: 已完成 | I33: 100 | J33: 2025-09-10 13:31 | K33: 已完成 | L33: 100 | M33: 2025-09-14 20:10 | N33: 已完成 | O33: 70 | P33: 2025-09-20 21:25 | Q33: 已完成 | R33: 100 | S33: 2025-09-20 19:34 | T33: 已完成 | U33: 90 | V33: 2025-10-08 15:36 | W33: 已完成 | X33: 80 | Y33: 2025-09-27 21:52 | Z33: 已完成 | AA33: 100 | AB33: 2025-09-27 08:31 | AC33: 已完成 | AD33: 100 | AE33: 2025-09-27 08:32 | AF33: 已完成 | AG33: 100 | AH33: 2025-10-04 20:59 | AI33: 已完成 | AJ33: 90 | AK33: 2025-10-11 12:21 | AL33: 已完成 | AM33: 80 | AN33: 2025-10-18 13:48 | AO33: 已完成 | AP33: 80 | AQ33: 2025-10-25 18:49 | AR33: 已完成 | AS33: 100 | AT33: 2025-10-18 01:52 | AU33: 已完成 | AV33: 100 | AW33: 2025-10-21 16:36 | AX33: 已完成 | AY33: 80 | AZ33: 2025-10-22 22:35 | BA33: 已完成 | BB33: 70 | BC33: 2025-10-30 13:51 | BD33: 已完成 | BE33: 50 | BF33: 2025-11-01 09:19 | BG33: 已完成 | BH33: 90 | BI33: 2025-11-08 19:31 | BJ33: 已完成 | BK33: 70 | BL33: 2025-11-15 20:23 | BM33: 已完成 | BN33: 90 | BO33: 2025-11-24 21:41 | BP33: 已完成 | BQ33: 80 | BR33: 2025-11-27 21:07 | BS33: 已完成 | BT33: 80 | BU33: 2025-11-29 17:48 | BV33: 已完成 | BW33: 80 | BX33: 2025-11-30 21:53 | BY33: 已完成 | BZ33: 90 | CA33: 2025-11-19 19:14 | CB33: 已完成 | CE33: 未完成
A34: 孙锦年 | B34: 2022210385 | C34: 计算机与信息工程学院（大学计算机教学部） | D34: 计算机科学与技术 | E34: 计科222 | F34: 100 | G34: 2025-09-13 14:09 | H34: 已完成 | I34: 100 | J34: 2025-09-10 13:46 | K34: 已完成 | L34: 100 | M34: 2025-09-14 18:59 | N34: 已完成 | O34: 80 | P34: 2025-09-22 12:13 | Q34: 已完成 | R34: 100 | S34: 2025-09-19 15:47 | T34: 已完成 | U34: 100 | V34: 2025-10-08 15:38 | W34: 已完成 | X34: 80 | Y34: 2025-09-27 20:41 | Z34: 已完成 | AA34: 100 | AB34: 2025-09-26 15:40 | AC34: 已完成 | AD34: 100 | AE34: 2025-09-26 15:42 | AF34: 已完成 | AG34: 80 | AH34: 2025-10-03 19:14 | AI34: 已完成 | AJ34: 80 | AK34: 2025-10-11 20:29 | AL34: 已完成 | AM34: 80 | AN34: 2025-10-18 15:06 | AO34: 已完成 | AP34: 80 | AQ34: 2025-10-25 14:06 | AR34: 已完成 | AS34: 100 | AT34: 2025-10-18 09:38 | AU34: 已完成 | AV34: 100 | AW34: 2025-10-21 12:43 | AX34: 已完成 | BA34: 未完成 | BB34: 60 | BC34: 2025-10-31 17:20 | BD34: 已完成 | BE34: 80 | BF34: 2025-11-01 18:52 | BG34: 已完成 | BH34: 70 | BI34: 2025-11-08 20:31 | BJ34: 已完成 | BK34: 70 | BL34: 2025-11-15 20:42 | BM34: 已完成 | BN34: 100 | BO34: 2025-11-25 23:29 | BP34: 已完成 | BQ34: 60 | BR34: 2025-11-27 21:59 | BS34: 已完成 | BT34: 70 | BU34: 2025-11-29 11:56 | BV34: 已完成 | BW34: 70 | BX34: 2025-11-30 21:57 | BY34: 已完成 | BZ34: 90 | CA34: 2025-11-19 21:20 | CB34: 已完成 | CE34: 未完成
A35: 唐蕊 | B35: 2022210387 | C35: 计算机与信息工程学院（大学计算机教学部） | D35: 计算机科学与技术 | E35: 计科222 | F35: 90 | G35: 2025-09-13 21:51 | H35: 已完成 | I35: 100 | J35: 2025-09-10 11:46 | K35: 已完成 | L35: 100 | M35: 2025-09-14 16:06 | N35: 已完成 | O35: 80 | P35: 2025-09-20 22:55 | Q35: 已完成 | R35: 100 | S35: 2025-09-20 21:38 | T35: 已完成 | U35: 80 | V35: 2025-10-08 15:27 | W35: 已完成 | X35: 80 | Y35: 2025-09-27 19:46 | Z35: 已完成 | AA35: 100 | AB35: 2025-09-27 08:48 | AC35: 已完成 | AD35: 100 | AE35: 2025-09-27 08:44 | AF35: 已完成 | AG35: 100 | AH35: 2025-10-04 15:26 | AI35: 已完成 | AJ35: 90 | AK35: 2025-10-10 23:30 | AL35: 已完成 | AM35: 90 | AN35: 2025-10-18 00:28 | AO35: 已完成 | AP35: 80 | AQ35: 2025-10-25 18:54 | AR35: 已完成 | AS35: 100 | AT35: 2025-10-17 23:56 | AU35: 已完成 | AV35: 100 | AW35: 2025-10-22 09:58 | AX35: 已完成 | AY35: 100 | AZ35: 2025-10-23 09:04 | BA35: 已完成 | BB35: 70 | BC35: 2025-11-01 18:37 | BD35: 已完成 | BE35: 50 | BF35: 2025-11-01 18:46 | BG35: 已完成 | BH35: 80 | BI35: 2025-11-08 19:40 | BJ35: 已完成 | BK35: 60 | BL35: 2025-11-15 14:21 | BM35: 已完成 | BN35: 90 | BO35: 2025-11-24 22:11 | BP35: 已完成 | BQ35: 70 | BR35: 2025-11-27 21:12 | BS35: 已完成 | BT35: 80 | BU35: 2025-11-27 19:55 | BV35: 已完成 | BW35: 80 | BX35: 2025-11-30 18:42 | BY35: 已完成 | BZ35: 90 | CA35: 2025-11-19 19:14 | CB35: 已完成 | CE35: 未完成
A36: 汪海洋 | B36: 2022210389 | C36: 计算机与信息工程学院（大学计算机教学部） | D36: 计算机科学与技术 | E36: 计科222 | F36: 100 | G36: 2025-09-13 21:59 | H36: 已完成 | I36: 100 | J36: 2025-09-10 11:46 | K36: 已完成 | L36: 100 | M36: 2025-09-14 20:14 | N36: 已完成 | O36: 60 | P36: 2025-09-20 21:19 | Q36: 已完成 | R36: 100 | S36: 2025-09-19 23:23 | T36: 已完成 | U36: 100 | V36: 2025-10-08 15:08 | W36: 已完成 | X36: 90 | Y36: 2025-09-27 21:15 | Z36: 已完成 | AA36: 100 | AB36: 2025-09-27 14:47 | AC36: 已完成 | AD36: 100 | AE36: 2025-09-27 14:48 | AF36: 已完成 | AG36: 90 | AH36: 2025-10-04 12:27 | AI36: 已完成 | AJ36: 80 | AK36: 2025-10-11 20:35 | AL36: 已完成 | AM36: 80 | AN36: 2025-10-18 15:00 | AO36: 已完成 | AP36: 80 | AQ36: 2025-10-25 18:13 | AR36: 已完成 | AS36: 100 | AT36: 2025-10-18 15:07 | AU36: 已完成 | AV36: 100 | AW36: 2025-10-21 23:06 | AX36: 已完成 | AY36: 100 | AZ36: 2025-10-23 08:39 | BA36: 已完成 | BB36: 70 | BC36: 2025-11-01 00:43 | BD36: 已完成 | BE36: 50 | BF36: 2025-11-01 00:23 | BG36: 已完成 | BH36: 80 | BI36: 2025-11-08 14:00 | BJ36: 已完成 | BK36: 80 | BL36: 2025-11-15 19:03 | BM36: 已完成 | BN36: 100 | BO36: 2025-11-24 17:10 | BP36: 已完成 | BQ36: 80 | BR36: 2025-11-28 23:25 | BS36: 已完成 | BT36: 80 | BU36: 2025-11-29 11:58 | BV36: 已完成 | BW36: 80 | BX36: 2025-11-30 21:52 | BY36: 已完成 | BZ36: 90 | CA36: 2025-11-19 19:35 | CB36: 已完成 | CE36: 未完成
A37: 王瑞 | B37: 2022210392 | C37: 计算机与信息工程学院（大学计算机教学部） | D37: 计算机科学与技术 | E37: 计科222 | F37: 100 | G37: 2025-09-13 21:26 | H37: 已完成 | I37: 100 | J37: 2025-09-10 11:50 | K37: 已完成 | L37: 100 | M37: 2025-09-14 18:29 | N37: 已完成 | O37: 100 | P37: 2025-09-20 07:44 | Q37: 已完成 | R37: 100 | S37: 2025-09-20 07:44 | T37: 已完成 | U37: 90 | V37: 2025-10-08 15:18 | W37: 已完成 | X37: 70 | Y37: 2025-09-27 18:01 | Z37: 已完成 | AA37: 100 | AB37: 2025-09-26 14:50 | AC37: 已完成 | AD37: 100 | AE37: 2025-09-26 14:50 | AF37: 已完成 | AG37: 100 | AH37: 2025-10-04 18:52 | AI37: 已完成 | AJ37: 90 | AK37: 2025-10-11 09:39 | AL37: 已完成 | AM37: 80 | AN37: 2025-10-18 15:39 | AO37: 已完成 | AP37: 80 | AQ37: 2025-10-25 17:08 | AR37: 已完成 | AS37: 100 | AT37: 2025-10-16 10:24 | AU37: 已完成 | AV37: 100 | AW37: 2025-10-22 09:50 | AX37: 已完成 | AY37: 80 | AZ37: 2025-10-22 09:49 | BA37: 已完成 | BB37: 70 | BC37: 2025-11-01 13:28 | BD37: 已完成 | BE37: 70 | BF37: 2025-11-01 19:21 | BG37: 已完成 | BH37: 70 | BI37: 2025-11-08 16:08 | BJ37: 已完成 | BK37: 60 | BL37: 2025-11-15 18:24 | BM37: 已完成 | BN37: 100 | BO37: 2025-11-24 21:32 | BP37: 已完成 | BQ37: 100 | BR37: 2025-11-27 19:59 | BS37: 已完成 | BT37: 80 | BU37: 2025-11-29 19:52 | BV37: 已完成 | BW37: 80 | BX37: 2025-11-30 16:06 | BY37: 已完成 | BZ37: 90 | CA37: 2025-11-19 18:54 | CB37: 已完成 | CC37: 80 | CD37: 2025-12-08 19:38 | CE37: 已完成
A38: 王鑫玥 | B38: 2022210393 | C38: 计算机与信息工程学院（大学计算机教学部） | D38: 计算机科学与技术 | E38: 计科222 | F38: 100 | G38: 2025-09-11 19:33 | H38: 已完成 | I38: 100 | J38: 2025-09-10 11:35 | K38: 已完成 | L38: 100 | M38: 2025-09-14 18:25 | N38: 已完成 | O38: 100 | P38: 2025-09-22 11:29 | Q38: 已完成 | R38: 100 | S38: 2025-09-19 16:03 | T38: 已完成 | W38: 未完成 | X38: 80 | Y38: 2025-09-25 19:58 | Z38: 已完成 | AA38: 100 | AB38: 2025-09-25 08:08 | AC38: 已完成 | AD38: 100 | AE38: 2025-09-25 08:09 | AF38: 已完成 | AG38: 60 | AH38: 2025-10-03 19:24 | AI38: 已完成 | AJ38: 100 | AK38: 2025-10-10 15:03 | AL38: 已完成 | AM38: 80 | AN38: 2025-10-18 21:47 | AO38: 已完成 | AP38: 60 | AQ38: 2025-10-25 20:41 | AR38: 已完成 | AS38: 100 | AT38: 2025-10-18 21:35 | AU38: 已完成 | AV38: 100 | AW38: 2025-10-22 10:27 | AX38: 已完成 | AY38: 100 | AZ38: 2025-10-22 10:29 | BA38: 已完成 | BB38: 70 | BC38: 2025-11-01 21:01 | BD38: 已完成 | BE38: 60 | BF38: 2025-11-01 12:41 | BG38: 已完成 | BH38: 80 | BI38: 2025-11-08 15:07 | BJ38: 已完成 | BK38: 70 | BL38: 2025-11-15 13:56 | BM38: 已完成 | BN38: 90 | BO38: 2025-11-24 21:33 | BP38: 已完成 | BQ38: 90 | BR38: 2025-11-24 21:38 | BS38: 已完成 | BT38: 80 | BU38: 2025-11-29 19:25 | BV38: 已完成 | BW38: 80 | BX38: 2025-11-29 19:26 | BY38: 已完成 | BZ38: 90 | CA38: 2025-11-19 16:56 | CB38: 已完成 | CC38: 80 | CD38: 2025-12-08 21:59 | CE38: 已完成
A39: 王志成 | B39: 2022210394 | C39: 计算机与信息工程学院（大学计算机教学部） | D39: 计算机科学与技术 | E39: 计科222 | F39: 80 | G39: 2025-09-13 21:31 | H39: 已完成 | I39: 60 | J39: 2025-09-11 08:40 | K39: 已完成 | L39: 100 | M39: 2025-09-14 16:37 | N39: 已完成 | O39: 80 | P39: 2025-09-21 11:42 | Q39: 已完成 | R39: 100 | S39: 2025-09-21 11:16 | T39: 已完成 | U39: 90 | V39: 2025-10-07 21:35 | W39: 已完成 | X39: 90 | Y39: 2025-09-27 21:10 | Z39: 已完成 | AA39: 100 | AB39: 2025-09-25 08:12 | AC39: 已完成 | AD39: 100 | AE39: 2025-09-25 08:14 | AF39: 已完成 | AG39: 90 | AH39: 2025-10-04 15:22 | AI39: 已完成 | AJ39: 100 | AK39: 2025-10-09 07:58 | AL39: 已完成 | AM39: 70 | AN39: 2025-10-18 19:47 | AO39: 已完成 | AP39: 70 | AQ39: 2025-10-25 15:29 | AR39: 已完成 | AS39: 100 | AT39: 2025-10-18 19:29 | AU39: 已完成 | AV39: 100 | AW39: 2025-10-22 09:25 | AX39: 已完成 | AY39: 100 | AZ39: 2025-10-22 09:27 | BA39: 已完成 | BB39: 70 | BC39: 2025-11-01 10:44 | BD39: 已完成 | BE39: 80 | BF39: 2025-11-01 17:47 | BG39: 已完成 | BH39: 80 | BI39: 2025-11-08 16:19 | BJ39: 已完成 | BK39: 70 | BL39: 2025-11-15 18:40 | BM39: 已完成 | BN39: 80 | BO39: 2025-11-26 13:01 | BP39: 已完成 | BQ39: 80 | BR39: 2025-11-27 09:51 | BS39: 已完成 | BT39: 70 | BU39: 2025-11-29 19:52 | BV39: 已完成 | BW39: 80 | BX39: 2025-11-30 15:18 | BY39: 已完成 | BZ39: 90 | CA39: 2025-11-19 21:22 | CB39: 已完成 | CE39: 未完成
A40: 闫鹏飞 | B40: 2022210400 | C40: 计算机与信息工程学院（大学计算机教学部） | D40: 计算机科学与技术 | E40: 计科222 | F40: 100 | G40: 2025-09-13 19:26 | H40: 已完成 | I40: 100 | J40: 2025-09-10 23:18 | K40: 已完成 | L40: 100 | M40: 2025-09-13 16:24 | N40: 已完成 | O40: 90 | P40: 2025-09-20 17:02 | Q40: 已完成 | R40: 100 | S40: 2025-09-18 22:34 | T40: 已完成 | U40: 90 | V40: 2025-10-07 23:25 | W40: 已完成 | X40: 70 | Y40: 2025-09-27 11:12 | Z40: 已完成 | AA40: 100 | AB40: 2025-09-26 16:21 | AC40: 已完成 | AD40: 100 | AE40: 2025-09-26 16:23 | AF40: 已完成 | AG40: 90 | AH40: 2025-10-04 13:39 | AI40: 已完成 | AJ40: 80 | AK40: 2025-10-11 12:45 | AL40: 已完成 | AM40: 70 | AN40: 2025-10-18 15:21 | AO40: 已完成 | AP40: 80 | AQ40: 2025-10-22 19:01 | AR40: 已完成 | AS40: 80 | AT40: 2025-10-18 14:28 | AU40: 已完成 | AV40: 80 | AW40: 2025-10-22 09:01 | AX40: 已完成 | AY40: 90 | AZ40: 2025-10-22 09:03 | BA40: 已完成 | BB40: 70 | BC40: 2025-11-01 21:29 | BD40: 已完成 | BE40: 60 | BF40: 2025-11-01 12:34 | BG40: 已完成 | BH40: 90 | BI40: 2025-11-08 18:59 | BJ40: 已完成 | BK40: 70 | BL40: 2025-11-15 21:28 | BM40: 已完成 | BN40: 90 | BO40: 2025-11-24 18:21 | BP40: 已完成 | BQ40: 100 | BR40: 2025-11-24 21:59 | BS40: 已完成 | BT40: 90 | BU40: 2025-11-29 16:21 | BV40: 已完成 | BW40: 80 | BX40: 2025-11-30 19:07 | BY40: 已完成 | BZ40: 90 | CA40: 2025-11-19 16:48 | CB40: 已完成 | CC40: 80 | CD40: 2025-12-08 21:56 | CE40: 已完成
A41: 杨浩天 | B41: 2022210401 | C41: 计算机与信息工程学院（大学计算机教学部） | D41: 计算机科学与技术 | E41: 计科222 | F41: 90 | G41: 2025-09-13 15:32 | H41: 已完成 | I41: 100 | J41: 2025-09-10 11:55 | K41: 已完成 | L41: 100 | M41: 2025-09-14 18:08 | N41: 已完成 | O41: 80 | P41: 2025-09-20 21:38 | Q41: 已完成 | R41: 100 | S41: 2025-09-18 22:58 | T41: 已完成 | U41: 80 | V41: 2025-10-08 16:17 | W41: 已完成 | X41: 80 | Y41: 2025-09-27 21:59 | Z41: 已完成 | AA41: 80 | AB41: 2025-09-27 17:33 | AC41: 已完成 | AD41: 80 | AE41: 2025-09-27 17:37 | AF41: 已完成 | AG41: 100 | AH41: 2025-10-03 20:59 | AI41: 已完成 | AJ41: 90 | AK41: 2025-10-09 08:41 | AL41: 已完成 | AM41: 70 | AN41: 2025-10-18 16:31 | AO41: 已完成 | AP41: 80 | AQ41: 2025-10-25 13:42 | AR41: 已完成 | AS41: 100 | AT41: 2025-10-16 09:20 | AU41: 已完成 | AV41: 100 | AW41: 2025-10-22 09:49 | AX41: 已完成 | AY41: 80 | AZ41: 2025-10-22 09:52 | BA41: 已完成 | BB41: 60 | BC41: 2025-11-01 17:12 | BD41: 已完成 | BE41: 80 | BF41: 2025-11-01 18:35 | BG41: 已完成 | BH41: 70 | BI41: 2025-11-08 20:27 | BJ41: 已完成 | BK41: 70 | BL41: 2025-11-15 20:44 | BM41: 已完成 | BN41: 90 | BO41: 2025-11-24 21:59 | BP41: 已完成 | BQ41: 80 | BR41: 2025-11-27 20:09 | BS41: 已完成 | BT41: 80 | BU41: 2025-11-29 21:36 | BV41: 已完成 | BW41: 80 | BX41: 2025-11-30 21:55 | BY41: 已完成 | BZ41: 90 | CA41: 2025-11-19 21:55 | CB41: 已完成 | CC41: 80 | CD41: 2025-12-08 20:31 | CE41: 已完成
A42: 杨龙 | B42: 2022210402 | C42: 计算机与信息工程学院（大学计算机教学部） | D42: 计算机科学与技术 | E42: 计科222 | F42: 90 | G42: 2025-09-12 22:53 | H42: 已完成 | I42: 100 | J42: 2025-09-10 13:21 | K42: 已完成 | L42: 100 | M42: 2025-09-14 18:10 | N42: 已完成 | O42: 80 | P42: 2025-09-20 21:00 | Q42: 已完成 | R42: 100 | S42: 2025-09-20 21:05 | T42: 已完成 | U42: 80 | V42: 2025-10-08 14:52 | W42: 已完成 | X42: 80 | Y42: 2025-09-27 20:34 | Z42: 已完成 | AA42: 100 | AB42: 2025-09-27 16:13 | AC42: 已完成 | AD42: 100 | AE42: 2025-09-27 16:15 | AF42: 已完成 | AG42: 90 | AH42: 2025-10-04 19:54 | AI42: 已完成 | AJ42: 90 | AK42: 2025-10-09 09:22 | AL42: 已完成 | AM42: 70 | AN42: 2025-10-18 14:35 | AO42: 已完成 | AP42: 80 | AQ42: 2025-10-24 23:11 | AR42: 已完成 | AS42: 90 | AT42: 2025-10-18 10:08 | AU42: 已完成 | AV42: 100 | AW42: 2025-10-22 09:46 | AX42: 已完成 | AY42: 80 | AZ42: 2025-10-22 09:54 | BA42: 已完成 | BB42: 70 | BC42: 2025-11-01 16:00 | BD42: 已完成 | BE42: 80 | BF42: 2025-11-01 18:35 | BG42: 已完成 | BH42: 60 | BI42: 2025-11-08 21:25 | BJ42: 已完成 | BK42: 70 | BL42: 2025-11-15 20:43 | BM42: 已完成 | BN42: 100 | BO42: 2025-11-24 21:56 | BP42: 已完成 | BQ42: 90 | BR42: 2025-11-27 21:00 | BS42: 已完成 | BT42: 80 | BU42: 2025-11-29 21:37 | BV42: 已完成 | BW42: 70 | BX42: 2025-11-30 21:56 | BY42: 已完成 | BZ42: 90 | CA42: 2025-11-19 21:36 | CB42: 已完成 | CC42: 80 | CD42: 2025-12-08 21:58 | CE42: 已完成
A43: 詹庆 | B43: 2022210404 | C43: 计算机与信息工程学院（大学计算机教学部） | D43: 计算机科学与技术 | E43: 计科222 | F43: 80 | G43: 2025-09-13 21:49 | H43: 已完成 | I43: 100 | J43: 2025-09-10 11:32 | K43: 已完成 | L43: 100 | M43: 2025-09-13 00:06 | N43: 已完成 | O43: 95 | P43: 2025-09-20 21:02 | Q43: 已完成 | R43: 100 | S43: 2025-09-20 21:02 | T43: 已完成 | U43: 90 | V43: 2025-10-08 11:32 | W43: 已完成 | X43: 95 | Y43: 2025-09-27 15:26 | Z43: 已完成 | AA43: 100 | AB43: 2025-09-25 08:10 | AC43: 已完成 | AD43: 100 | AE43: 2025-09-25 08:10 | AF43: 已完成 | AG43: 100 | AH43: 2025-10-03 21:26 | AI43: 已完成 | AJ43: 100 | AK43: 2025-10-09 09:04 | AL43: 已完成 | AM43: 80 | AN43: 2025-10-18 13:55 | AO43: 已完成 | AP43: 80 | AQ43: 2025-10-25 17:19 | AR43: 已完成 | AS43: 90 | AT43: 2025-10-17 16:11 | AU43: 已完成 | AV43: 100 | AW43: 2025-10-21 23:04 | AX43: 已完成 | AY43: 100 | AZ43: 2025-10-22 09:54 | BA43: 已完成 | BB43: 70 | BC43: 2025-11-01 18:48 | BD43: 已完成 | BE43: 80 | BF43: 2025-11-01 20:04 | BG43: 已完成 | BH43: 70 | BI43: 2025-11-08 21:26 | BJ43: 已完成 | BK43: 70 | BL43: 2025-11-15 15:08 | BM43: 已完成 | BN43: 100 | BO43: 2025-11-24 19:41 | BP43: 已完成 | BQ43: 80 | BR43: 2025-11-27 16:24 | BS43: 已完成 | BT43: 80 | BU43: 2025-11-29 18:48 | BV43: 已完成 | BW43: 80 | BX43: 2025-11-29 18:53 | BY43: 已完成 | BZ43: 90 | CA43: 2025-11-19 21:04 | CB43: 已完成 | CC43: 80 | CD43: 2025-12-08 20:59 | CE43: 已完成
A44: 张金龙 | B44: 2022210405 | C44: 计算机与信息工程学院（大学计算机教学部） | D44: 计算机科学与技术 | E44: 计科222 | F44: 100 | G44: 2025-09-13 21:42 | H44: 已完成 | I44: 100 | J44: 2025-09-13 18:07 | K44: 已完成 | L44: 100 | M44: 2025-09-14 18:31 | N44: 已完成 | O44: 90 | P44: 2025-09-20 15:31 | Q44: 已完成 | R44: 100 | S44: 2025-09-19 14:18 | T44: 已完成 | U44: 90 | V44: 2025-10-08 12:36 | W44: 已完成 | X44: 80 | Y44: 2025-09-27 19:17 | Z44: 已完成 | AA44: 100 | AB44: 2025-09-26 14:53 | AC44: 已完成 | AD44: 100 | AE44: 2025-09-26 14:53 | AF44: 已完成 | AG44: 90 | AH44: 2025-10-03 13:24 | AI44: 已完成 | AJ44: 100 | AK44: 2025-10-10 11:22 | AL44: 已完成 | AM44: 80 | AN44: 2025-10-17 13:49 | AO44: 已完成 | AP44: 80 | AQ44: 2025-10-25 17:20 | AR44: 已完成 | AS44: 100 | AT44: 2025-10-17 13:49 | AU44: 已完成 | AV44: 100 | AW44: 2025-10-22 09:55 | AX44: 已完成 | AY44: 80 | AZ44: 2025-10-22 09:55 | BA44: 已完成 | BB44: 70 | BC44: 2025-11-01 13:46 | BD44: 已完成 | BE44: 70 | BF44: 2025-11-01 19:21 | BG44: 已完成 | BH44: 80 | BI44: 2025-11-08 17:44 | BJ44: 已完成 | BK44: 70 | BL44: 2025-11-15 18:26 | BM44: 已完成 | BN44: 100 | BO44: 2025-11-24 21:38 | BP44: 已完成 | BQ44: 90 | BR44: 2025-11-27 20:23 | BS44: 已完成 | BT44: 80 | BU44: 2025-11-29 19:55 | BV44: 已完成 | BW44: 80 | BX44: 2025-11-30 15:21 | BY44: 已完成 | BZ44: 90 | CA44: 2025-11-19 20:33 | CB44: 已完成 | CC44: 80 | CD44: 2025-12-08 15:03 | CE44: 已完成
A45: 张克 | B45: 2022210407 | C45: 计算机与信息工程学院（大学计算机教学部） | D45: 计算机科学与技术 | E45: 计科222 | H45: 未完成 | I45: 100 | J45: 2025-09-13 20:17 | K45: 已完成 | L45: 100 | M45: 2025-09-14 19:02 | N45: 已完成 | Q45: 未完成 | R45: 100 | S45: 2025-09-20 19:47 | T45: 已完成 | W45: 未完成 | Z45: 未完成 | AA45: 80 | AB45: 2025-09-27 20:36 | AC45: 已完成 | AD45: 80 | AE45: 2025-09-27 20:37 | AF45: 已完成 | AI45: 未完成 | AJ45: 80 | AK45: 2025-10-11 21:33 | AL45: 已完成 | AO45: 未完成 | AR45: 未完成 | AU45: 未完成 | AV45: 100 | AW45: 2025-10-22 00:31 | AX45: 已完成 | AY45: 80 | AZ45: 2025-10-23 09:20 | BA45: 已完成 | BD45: 未完成 | BG45: 未完成 | BJ45: 未完成 | BM45: 未完成 | BP45: 未完成 | BS45: 未完成 | BV45: 未完成 | BY45: 未完成 | CB45: 未完成 | CE45: 未完成
A46: 张文抱 | B46: 2022210411 | C46: 计算机与信息工程学院（大学计算机教学部） | D46: 计算机科学与技术 | E46: 计科222 | F46: 100 | G46: 2025-09-13 13:53 | H46: 已完成 | I46: 100 | J46: 2025-09-10 11:37 | K46: 已完成 | L46: 100 | M46: 2025-09-12 23:57 | N46: 已完成 | O46: 80 | P46: 2025-09-20 19:23 | Q46: 已完成 | R46: 100 | S46: 2025-09-20 10:39 | T46: 已完成 | U46: 90 | V46: 2025-10-06 00:00 | W46: 已完成 | X46: 90 | Y46: 2025-09-27 21:11 | Z46: 已完成 | AA46: 100 | AB46: 2025-09-25 08:09 | AC46: 已完成 | AD46: 100 | AE46: 2025-09-25 08:09 | AF46: 已完成 | AG46: 90 | AH46: 2025-10-04 12:40 | AI46: 已完成 | AJ46: 100 | AK46: 2025-10-09 08:34 | AL46: 已完成 | AM46: 90 | AN46: 2025-10-12 00:22 | AO46: 已完成 | AP46: 80 | AQ46: 2025-10-24 23:15 | AR46: 已完成 | AS46: 100 | AT46: 2025-10-16 18:11 | AU46: 已完成 | AV46: 100 | AW46: 2025-10-21 12:42 | AX46: 已完成 | AY46: 100 | AZ46: 2025-10-21 12:42 | BA46: 已完成 | BB46: 80 | BC46: 2025-10-31 23:29 | BD46: 已完成 | BE46: 80 | BF46: 2025-11-01 20:02 | BG46: 已完成 | BH46: 80 | BI46: 2025-11-08 21:22 | BJ46: 已完成 | BK46: 70 | BL46: 2025-11-15 18:32 | BM46: 已完成 | BN46: 100 | BO46: 2025-11-24 19:39 | BP46: 已完成 | BQ46: 100 | BR46: 2025-11-25 12:46 | BS46: 已完成 | BT46: 90 | BU46: 2025-11-28 18:01 | BV46: 已完成 | BW46: 80 | BX46: 2025-11-30 20:21 | BY46: 已完成 | BZ46: 90 | CA46: 2025-11-19 20:38 | CB46: 已完成 | CC46: 70 | CD46: 2025-12-08 21:16 | CE46: 已完成
A47: 张玉妍 | B47: 2022210414 | C47: 计算机与信息工程学院（大学计算机教学部） | D47: 计算机科学与技术 | E47: 计科222 | F47: 100 | G47: 2025-09-13 22:08 | H47: 已完成 | I47: 100 | J47: 2025-09-10 11:56 | K47: 已完成 | L47: 100 | M47: 2025-09-14 19:28 | N47: 已完成 | O47: 95 | P47: 2025-09-20 20:04 | Q47: 已完成 | R47: 100 | S47: 2025-09-19 22:30 | T47: 已完成 | U47: 80 | V47: 2025-10-08 16:14 | W47: 已完成 | X47: 80 | Y47: 2025-09-27 21:56 | Z47: 已完成 | AA47: 80 | AB47: 2025-09-27 17:16 | AC47: 已完成 | AD47: 80 | AE47: 2025-09-27 17:17 | AF47: 已完成 | AG47: 100 | AH47: 2025-10-04 16:38 | AI47: 已完成 | AJ47: 90 | AK47: 2025-10-10 12:50 | AL47: 已完成 | AM47: 70 | AN47: 2025-10-18 16:29 | AO47: 已完成 | AP47: 80 | AQ47: 2025-10-25 13:46 | AR47: 已完成 | AS47: 100 | AT47: 2025-10-18 15:52 | AU47: 已完成 | AV47: 100 | AW47: 2025-10-22 09:50 | AX47: 已完成 | AY47: 80 | AZ47: 2025-10-22 09:56 | BA47: 已完成 | BB47: 70 | BC47: 2025-11-01 19:45 | BD47: 已完成 | BE47: 80 | BF47: 2025-11-01 19:46 | BG47: 已完成 | BH47: 70 | BI47: 2025-11-08 20:30 | BJ47: 已完成 | BK47: 70 | BL47: 2025-11-15 20:43 | BM47: 已完成 | BN47: 100 | BO47: 2025-11-24 21:55 | BP47: 已完成 | BQ47: 70 | BR47: 2025-11-27 21:10 | BS47: 已完成 | BT47: 80 | BU47: 2025-11-29 21:37 | BV47: 已完成 | BW47: 70 | BX47: 2025-11-30 21:57 | BY47: 已完成 | BZ47: 90 | CA47: 2025-11-19 21:57 | CB47: 已完成 | CC47: 70 | CD47: 2025-12-08 21:49 | CE47: 已完成
A48: 赵杰 | B48: 2022210416 | C48: 计算机与信息工程学院（大学计算机教学部） | D48: 计算机科学与技术 | E48: 计科222 | F48: 80 | G48: 2025-09-15 17:06 | H48: 已完成 | I48: 100 | J48: 2025-09-13 20:17 | K48: 已完成 | L48: 80 | M48: 2025-09-14 19:13 | N48: 已完成 | O48: 90 | P48: 2025-09-20 21:58 | Q48: 已完成 | R48: 100 | S48: 2025-09-20 21:18 | T48: 已完成 | W48: 未完成 | X48: 70 | Y48: 2025-09-27 18:57 | Z48: 已完成 | AA48: 80 | AB48: 2025-09-27 21:04 | AC48: 已完成 | AD48: 80 | AE48: 2025-09-27 21:04 | AF48: 已完成 | AG48: 90 | AH48: 2025-10-04 18:44 | AI48: 已完成 | AJ48: 80 | AK48: 2025-10-11 20:40 | AL48: 已完成 | AM48: 70 | AN48: 2025-10-18 16:34 | AO48: 已完成 | AP48: 70 | AQ48: 2025-10-25 19:13 | AR48: 已完成 | AS48: 100 | AT48: 2025-10-18 16:36 | AU48: 已完成 | AV48: 100 | AW48: 2025-10-22 10:01 | AX48: 已完成 | AY48: 100 | AZ48: 2025-10-23 08:45 | BA48: 已完成 | BB48: 60 | BC48: 2025-11-01 18:53 | BD48: 已完成 | BE48: 80 | BF48: 2025-11-01 18:53 | BG48: 已完成 | BH48: 70 | BI48: 2025-11-08 17:17 | BJ48: 已完成 | BK48: 90 | BL48: 2025-11-15 20:27 | BM48: 已完成 | BN48: 90 | BO48: 2025-11-24 22:24 | BP48: 已完成 | BQ48: 80 | BR48: 2025-11-27 20:25 | BS48: 已完成 | BT48: 70 | BU48: 2025-11-29 19:27 | BV48: 已完成 | BW48: 80 | BX48: 2025-11-30 19:25 | BY48: 已完成 | BZ48: 90 | CA48: 2025-11-19 18:09 | CB48: 已完成 | CC48: 70 | CD48: 2025-12-08 21:03 | CE48: 已完成
A49: 郑存耀 | B49: 2022210417 | C49: 计算机与信息工程学院（大学计算机教学部） | D49: 计算机科学与技术 | E49: 计科222 | F49: 100 | G49: 2025-09-13 20:45 | H49: 已完成 | I49: 100 | J49: 2025-09-13 18:10 | K49: 已完成 | L49: 80 | M49: 2025-09-14 20:58 | N49: 已完成 | O49: 60 | P49: 2025-09-20 20:43 | Q49: 已完成 | R49: 100 | S49: 2025-09-20 20:35 | T49: 已完成 | U49: 80 | V49: 2025-10-08 12:15 | W49: 已完成 | X49: 100 | Y49: 2025-09-27 20:45 | Z49: 已完成 | AA49: 100 | AB49: 2025-09-27 16:37 | AC49: 已完成 | AD49: 100 | AE49: 2025-09-27 16:38 | AF49: 已完成 | AG49: 100 | AH49: 2025-10-04 20:09 | AI49: 已完成 | AJ49: 100 | AK49: 2025-10-11 19:45 | AL49: 已完成 | AM49: 80 | AN49: 2025-10-18 18:52 | AO49: 已完成 | AP49: 70 | AQ49: 2025-10-25 19:37 | AR49: 已完成 | AS49: 100 | AT49: 2025-10-18 18:49 | AU49: 已完成 | AX49: 未完成 | BA49: 未完成 | BD49: 未完成 | BE49: 80 | BF49: 2025-11-01 17:24 | BG49: 已完成 | BH49: 70 | BI49: 2025-11-08 16:35 | BJ49: 已完成 | BK49: 90 | BL49: 2025-11-15 20:30 | BM49: 已完成 | BN49: 90 | BO49: 2025-11-24 23:53 | BP49: 已完成 | BQ49: 80 | BR49: 2025-11-26 23:16 | BS49: 已完成 | BT49: 90 | BU49: 2025-11-29 18:18 | BV49: 已完成 | BW49: 60 | BX49: 2025-11-30 17:30 | BY49: 已完成 | BZ49: 90 | CA49: 2025-11-19 20:34 | CB49: 已完成 | CC49: 80 | CD49: 2025-12-08 20:58 | CE49: 已完成
A50: 周宇 | B50: 2022210422 | C50: 计算机与信息工程学院（大学计算机教学部） | D50: 计算机科学与技术 | E50: 计科222 | F50: 100 | G50: 2025-09-13 22:55 | H50: 已完成 | I50: 100 | J50: 2025-09-11 08:29 | K50: 已完成 | L50: 100 | M50: 2025-09-12 20:21 | N50: 已完成 | O50: 80 | P50: 2025-09-20 20:41 | Q50: 已完成 | R50: 100 | S50: 2025-09-18 08:38 | T50: 已完成 | U50: 80 | V50: 2025-10-08 14:42 | W50: 已完成 | X50: 100 | Y50: 2025-09-27 20:54 | Z50: 已完成 | AA50: 90 | AB50: 2025-09-27 18:36 | AC50: 已完成 | AD50: 90 | AE50: 2025-09-27 18:48 | AF50: 已完成 | AG50: 100 | AH50: 2025-10-04 20:34 | AI50: 已完成 | AJ50: 90 | AK50: 2025-10-09 08:41 | AL50: 已完成 | AM50: 70 | AN50: 2025-10-18 20:38 | AO50: 已完成 | AP50: 60 | AQ50: 2025-10-25 20:11 | AR50: 已完成 | AS50: 100 | AT50: 2025-10-18 13:29 | AU50: 已完成 | AV50: 100 | AW50: 2025-10-21 23:16 | AX50: 已完成 | AY50: 90 | AZ50: 2025-10-21 23:21 | BA50: 已完成 | BB50: 70 | BC50: 2025-11-01 21:31 | BD50: 已完成 | BE50: 80 | BF50: 2025-11-01 20:03 | BG50: 已完成 | BH50: 60 | BI50: 2025-11-08 21:31 | BJ50: 已完成 | BK50: 70 | BL50: 2025-11-15 18:48 | BM50: 已完成 | BN50: 90 | BO50: 2025-11-24 19:08 | BP50: 已完成 | BQ50: 90 | BR50: 2025-11-27 20:53 | BS50: 已完成 | BT50: 80 | BU50: 2025-11-28 17:59 | BV50: 已完成 | BW50: 80 | BX50: 2025-11-30 20:04 | BY50: 已完成 | BZ50: 90 | CA50: 2025-11-19 20:37 | CB50: 已完成 | CE50: 未完成
A51: 朱传双 | B51: 2022210423 | C51: 计算机与信息工程学院（大学计算机教学部） | D51: 计算机科学与技术 | E51: 计科222 | F51: 100 | G51: 2025-09-13 22:27 | H51: 已完成 | I51: 100 | J51: 2025-09-10 11:49 | K51: 已完成 | L51: 80 | M51: 2025-09-14 18:59 | N51: 已完成 | O51: 80 | P51: 2025-09-20 20:37 | Q51: 已完成 | R51: 100 | S51: 2025-09-18 08:45 | T51: 已完成 | U51: 80 | V51: 2025-10-07 22:38 | W51: 已完成 | X51: 100 | Y51: 2025-09-27 21:28 | Z51: 已完成 | AA51: 100 | AB51: 2025-09-25 08:20 | AC51: 已完成 | AD51: 100 | AE51: 2025-09-25 08:23 | AF51: 已完成 | AG51: 90 | AH51: 2025-10-04 20:02 | AI51: 已完成 | AJ51: 100 | AK51: 2025-10-09 08:36 | AL51: 已完成 | AM51: 70 | AN51: 2025-10-18 21:25 | AO51: 已完成 | AP51: 90 | AQ51: 2025-10-23 17:24 | AR51: 已完成 | AS51: 100 | AT51: 2025-10-16 09:17 | AU51: 已完成 | AV51: 100 | AW51: 2025-10-21 12:36 | AX51: 已完成 | AY51: 100 | AZ51: 2025-10-21 12:45 | BA51: 已完成 | BB51: 70 | BC51: 2025-10-31 19:10 | BD51: 已完成 | BE51: 80 | BF51: 2025-11-01 20:10 | BG51: 已完成 | BH51: 70 | BI51: 2025-11-08 21:28 | BJ51: 已完成 | BK51: 70 | BL51: 2025-11-15 18:38 | BM51: 已完成 | BN51: 100 | BO51: 2025-11-24 21:54 | BP51: 已完成 | BQ51: 90 | BR51: 2025-11-27 21:33 | BS51: 已完成 | BT51: 80 | BU51: 2025-11-29 21:36 | BV51: 已完成 | BW51: 80 | BX51: 2025-11-30 20:09 | BY51: 已完成 | BZ51: 90 | CA51: 2025-11-19 20:41 | CB51: 已完成 | CC51: 70 | CD51: 2025-12-08 21:40 | CE51: 已完成
A52: 朱世俊 | B52: 2022210428 | C52: 计算机与信息工程学院（大学计算机教学部） | D52: 计算机科学与技术 | E52: 计科222 | F52: 80 | G52: 2025-09-13 22:12 | H52: 已完成 | I52: 80 | J52: 2025-09-10 11:36 | K52: 已完成 | L52: 100 | M52: 2025-09-14 20:23 | N52: 已完成 | O52: 90 | P52: 2025-09-20 20:42 | Q52: 已完成 | R52: 100 | S52: 2025-09-19 15:52 | T52: 已完成 | U52: 100 | V52: 2025-10-08 15:50 | W52: 已完成 | X52: 80 | Y52: 2025-09-27 19:45 | Z52: 已完成 | AA52: 100 | AB52: 2025-09-25 08:05 | AC52: 已完成 | AD52: 100 | AE52: 2025-09-25 08:03 | AF52: 已完成 | AG52: 70 | AH52: 2025-10-09 10:40 | AI52: 已完成 | AJ52: 100 | AK52: 2025-10-09 08:03 | AL52: 已完成 | AO52: 未完成 | AP52: 70 | AQ52: 2025-10-25 18:41 | AR52: 已完成 | AU52: 未完成 | AX52: 未完成 | AY52: 100 | AZ52: 2025-10-23 08:36 | BA52: 已完成 | BB52: 80 | BC52: 2025-11-01 18:21 | BD52: 已完成 | BE52: 80 | BF52: 2025-11-01 18:20 | BG52: 已完成 | BJ52: 未完成 | BK52: 60 | BL52: 2025-11-15 18:25 | BM52: 已完成 | BN52: 100 | BO52: 2025-11-24 20:43 | BP52: 已完成 | BQ52: 80 | BR52: 2025-11-27 11:01 | BS52: 已完成 | BT52: 70 | BU52: 2025-11-29 20:07 | BV52: 已完成 | BW52: 80 | BX52: 2025-11-30 15:18 | BY52: 已完成 | CB52: 未完成 | CC52: 80 | CD52: 2025-12-08 15:44 | CE52: 已完成
A53: 祝文耿 | B53: 2022210429 | C53: 计算机与信息工程学院（大学计算机教学部） | D53: 计算机科学与技术 | E53: 计科222 | F53: 80 | G53: 2025-09-17 11:33 | H53: 已完成 | I53: 100 | J53: 2025-09-10 11:34 | K53: 已完成 | L53: 100 | M53: 2025-09-14 15:50 | N53: 已完成 | O53: 80 | P53: 2025-09-20 21:17 | Q53: 已完成 | R53: 100 | S53: 2025-09-20 20:58 | T53: 已完成 | U53: 80 | V53: 2025-10-08 12:56 | W53: 已完成 | X53: 100 | Y53: 2025-09-27 21:59 | Z53: 已完成 | AA53: 100 | AB53: 2025-09-27 21:13 | AC53: 已完成 | AD53: 100 | AE53: 2025-09-27 21:14 | AF53: 已完成 | AG53: 80 | AH53: 2025-10-09 22:55 | AI53: 已完成 | AJ53: 100 | AK53: 2025-10-11 12:34 | AL53: 已完成 | AM53: 80 | AN53: 2025-10-18 21:46 | AO53: 已完成 | AP53: 70 | AQ53: 2025-10-25 21:00 | AR53: 已完成 | AS53: 100 | AT53: 2025-10-18 21:27 | AU53: 已完成 | AV53: 100 | AW53: 2025-10-22 09:49 | AX53: 已完成 | AY53: 100 | AZ53: 2025-10-22 09:51 | BA53: 已完成 | BB53: 70 | BC53: 2025-11-01 21:56 | BD53: 已完成 | BE53: 70 | BF53: 2025-11-01 21:56 | BG53: 已完成 | BH53: 70 | BI53: 2025-11-08 21:34 | BJ53: 已完成 | BK53: 60 | BL53: 2025-11-15 21:31 | BM53: 已完成 | BN53: 80 | BO53: 2025-11-26 12:13 | BP53: 已完成 | BQ53: 80 | BR53: 2025-11-29 19:15 | BS53: 已完成 | BT53: 80 | BU53: 2025-11-29 19:15 | BV53: 已完成 | BW53: 90 | BX53: 2025-11-30 19:14 | BY53: 已完成 | BZ53: 90 | CA53: 2025-11-19 19:09 | CB53: 已完成 | CC53: 70 | CD53: 2025-12-08 21:05 | CE53: 已完成
A54: 宗梦晴 | B54: 2022210430 | C54: 计算机与信息工程学院（大学计算机教学部） | D54: 计算机科学与技术 | E54: 计科222 | F54: 100 | G54: 2025-09-13 22:56 | H54: 已完成 | I54: 100 | J54: 2025-09-10 11:50 | K54: 已完成 | L54: 100 | M54: 2025-09-14 00:18 | N54: 已完成 | O54: 95 | P54: 2025-09-20 11:37 | Q54: 已完成 | R54: 80 | S54: 2025-09-19 16:19 | T54: 已完成 | U54: 90 | V54: 2025-10-08 15:12 | W54: 已完成 | X54: 70 | Y54: 2025-09-27 19:04 | Z54: 已完成 | AA54: 100 | AB54: 2025-09-25 08:14 | AC54: 已完成 | AD54: 100 | AE54: 2025-09-25 08:16 | AF54: 已完成 | AG54: 100 | AH54: 2025-10-04 16:46 | AI54: 已完成 | AJ54: 90 | AK54: 2025-10-10 23:30 | AL54: 已完成 | AM54: 90 | AN54: 2025-10-18 00:28 | AO54: 已完成 | AP54: 80 | AQ54: 2025-10-25 19:12 | AR54: 已完成 | AS54: 100 | AT54: 2025-10-18 00:30 | AU54: 已完成 | AX54: 未完成 | AY54: 100 | AZ54: 2025-10-23 09:07 | BA54: 已完成 | BB54: 70 | BC54: 2025-11-01 18:03 | BD54: 已完成 | BE54: 70 | BF54: 2025-11-01 18:35 | BG54: 已完成 | BH54: 80 | BI54: 2025-11-08 19:57 | BJ54: 已完成 | BK54: 70 | BL54: 2025-11-15 20:03 | BM54: 已完成 | BN54: 90 | BO54: 2025-11-24 22:38 | BP54: 已完成 | BQ54: 80 | BR54: 2025-11-27 21:32 | BS54: 已完成 | BT54: 80 | BU54: 2025-11-27 21:31 | BV54: 已完成 | BW54: 80 | BX54: 2025-11-30 19:18 | BY54: 已完成 | BZ54: 90 | CA54: 2025-11-19 19:21 | CB54: 已完成 | CC54: 80 | CD54: 2025-12-08 18:42 | CE54: 已完成

Sheet 作业
C2: 作业1概述 | D2: 作业2原生Android | E2: 作业3原生iOS | F2: 作业4原生应用开发 | G2: 作业5Flutter混合应用 | H2: 作业6Cordova&UniApp混合应用 | I2: 作业7 MAUI&&WXMiniApp | J2: 作业8小程序2 | K2: 作业9华为多端应用开发1 | L2: 作业10华为多端应用开发2 | M2: 课程考核大作业1——项目启动 | N2: 课程考核大作业2——核心开发 | O2: 课程考核大作业3——系统整合 | P2: 课程考核大作业4——测试交付 | Q2: 考核报告1——答辩报告 | R2: 考核报告2——个人报告 | S2: 考核报告3——小组报告 | T2: 考核报告4——项目报告 | U2: 课程考试大作业
C3: 80 | D3: 80 | E3: 100 | F3: 80 | G3: 80 | H3: 80 | J3: 100 | K3: 100 | M3: 80 | N3: 60 | O3: 90 | P3: 90 | Q3: 80 | R3: 100 | S3: 80 | T3: 80
C4: 100 | D4: 100 | E4: 100 | F4: 90 | G4: 100 | H4: 100 | I4: 100 | J4: 100 | K4: 100 | L4: 100 | M4: 80 | N4: 70 | O4: 70 | P4: 90 | Q4: 80 | R4: 70 | S4: 70 | T4: 80
C5: 100 | D5: 100 | E5: 100 | F5: 80 | G5: 100 | H5: 100 | I5: 80 | J5: 100 | K5: 100 | L5: 100 | M5: 80 | N5: 70 | O5: 70 | P5: 90 | Q5: 100 | R5: 80 | S5: 80 | T5: 80 | U5: 80
C6: 100 | D6: 100 | E6: 100 | F6: 100 | G6: 100 | H6: 100 | I6: 100 | J6: 100 | K6: 100 | L6: 100 | M6: 80 | N6: 100 | O6: 80 | P6: 90 | Q6: 100 | R6: 90 | S6: 90 | T6: 90 | U6: 80
C7: 80 | D7: 80 | E7: 100 | F7: 90 | G7: 100 | H7: 100 | I7: 100 | K7: 100 | L7: 100 | M7: 80 | N7: 100 | O7: 80 | P7: 90 | Q7: 100 | R7: 100 | S7: 90 | T7: 90 | U7: 80
C8: 100 | D8: 100 | E8: 100 | F8: 90 | G8: 100 | H8: 100 | I8: 100 | J8: 100 | K8: 100 | L8: 100 | M8: 80 | N8: 80 | O8: 70 | P8: 90 | Q8: 100 | R8: 90 | S8: 80 | T8: 80 | U8: 80
C9: 100 | D9: 80 | E9: 100 | F9: 80 | G9: 100 | H9: 100 | J9: 100 | K9: 100 | L9: 100 | M9: 70 | N9: 50 | O9: 60 | P9: 90 | Q9: 90 | R9: 90 | S9: 80 | T9: 90 | U9: 80
C10: 100 | D10: 80 | E10: 100 | F10: 80 | G10: 100 | H10: 100 | I10: 90 | J10: 100 | K10: 100 | L10: 90 | M10: 80 | N10: 60 | O10: 60 | P10: 90 | Q10: 100 | R10: 90 | S10: 80 | T10: 90 | U10: 80
C11: 80 | D11: 80
C12: 100 | D12: 100 | E12: 100 | F12: 80 | G12: 100 | H12: 100 | I12: 90 | J12: 100 | K12: 100 | L12: 100 | M12: 80 | N12: 70 | O12: 60 | P12: 90 | Q12: 100 | R12: 70 | S12: 80 | T12: 90 | U12: 70
C13: 100 | D13: 80 | E13: 100 | F13: 100 | G13: 100 | H13: 100 | I13: 80 | J13: 80 | K13: 100 | L13: 100 | M13: 60 | N13: 50 | O13: 70 | P13: 90 | Q13: 100 | R13: 100 | S13: 80 | T13: 80 | U13: 80
C14: 100 | D14: 100 | E14: 100 | F14: 100 | G14: 100 | H14: 100 | I14: 100 | J14: 100 | K14: 100 | L14: 100 | M14: 80 | N14: 70 | O14: 60 | P14: 100 | Q14: 100 | R14: 100 | S14: 90 | T14: 90 | U14: 80
C15: 100 | D15: 80 | E15: 100 | F15: 80 | G15: 100 | H15: 100 | I15: 90 | J15: 80 | K15: 100 | L15: 80 | M15: 80 | N15: 60 | O15: 60 | P15: 90 | Q15: 100 | R15: 90 | S15: 80 | T15: 90 | U15: 70
C16: 100 | D16: 100 | E16: 100 | F16: 80 | G16: 80 | H16: 80 | I16: 80 | J16: 100 | K16: 100 | L16: 100 | M16: 60 | N16: 60 | O16: 70 | P16: 90 | Q16: 100 | R16: 100 | S16: 90 | T16: 80 | U16: 80
C17: 100 | D17: 100 | E17: 100 | F17: 90 | G17: 100 | H17: 100 | I17: 100 | J17: 100 | K17: 100 | L17: 100 | M17: 80 | N17: 70 | O17: 60 | P17: 90 | Q17: 100 | R17: 100 | S17: 90 | T17: 90 | U17: 80
C18: 100 | D18: 100 | E18: 100 | F18: 90 | G18: 90 | H18: 90 | I18: 90 | J18: 100 | K18: 100 | L18: 80 | M18: 80 | N18: 100 | O18: 80 | P18: 90 | Q18: 80 | R18: 100 | S18: 80 | T18: 90 | U18: 80
C19: 100 | D19: 100 | E19: 100 | F19: 90 | G19: 100 | H19: 100 | I19: 80 | J19: 100 | K19: 100 | L19: 80 | M19: 70 | N19: 100 | O19: 80 | P19: 90 | Q19: 100 | R19: 90 | S19: 70 | T19: 90 | U19: 80
N20: 70 | O20: 90 | P20: 90 | Q20: 80 | R20: 80 | S20: 80 | T20: 80
C21: 80 | D21: 100 | E21: 60 | F21: 80 | G21: 100 | H21: 100 | I21: 100 | J21: 80 | K21: 100 | L21: 100 | M21: 50 | N21: 100 | O21: 50 | P21: 90 | Q21: 90 | R21: 80 | S21: 70 | T21: 80 | U21: 70
C22: 100 | D22: 80 | E22: 100 | F22: 80 | G22: 100 | H22: 100 | I22: 80 | J22: 100 | K22: 100 | L22: 100 | M22: 50 | N22: 60 | O22: 90 | P22: 90 | Q22: 100 | R22: 70 | S22: 70 | T22: 90 | U22: 70
C23: 100 | D23: 100 | E23: 100 | F23: 60 | G23: 100 | H23: 100 | I23: 80 | J23: 80 | K23: 90 | L23: 90 | M23: 80 | N23: 80 | O23: 70 | P23: 90 | Q23: 80 | R23: 90 | S23: 90 | T23: 80 | U23: 70
C24: 100 | D24: 80 | E24: 100 | F24: 80 | G24: 100 | H24: 100 | I24: 90 | J24: 100 | K24: 100 | L24: 100 | M24: 50 | N24: 80 | O24: 90 | P24: 90 | Q24: 100 | R24: 90 | S24: 80 | T24: 80
C25: 100 | D25: 80 | E25: 100 | F25: 80 | G25: 80 | H25: 80 | I25: 100 | J25: 100 | K25: 100 | L25: 100 | M25: 80 | N25: 80 | O25: 80 | P25: 90 | Q25: 100 | R25: 90 | S25: 80 | T25: 80 | U25: 70
C26: 100 | D26: 100 | E26: 100 | F26: 90 | G26: 100 | H26: 100 | I26: 100 | J26: 100 | K26: 100 | L26: 100 | M26: 50 | N26: 100 | O26: 70 | P26: 90 | Q26: 90 | R26: 80 | S26: 80 | T26: 80 | U26: 80
C27: 100 | D27: 80 | E27: 100 | F27: 90 | G27: 100 | H27: 100 | I27: 90 | J27: 80 | K27: 100 | L27: 100 | M27: 80 | N27: 70 | O27: 90 | P27: 90 | Q27: 100 | R27: 100 | S27: 90 | T27: 80 | U27: 80
C28: 100 | D28: 100 | E28: 100 | F28: 90 | G28: 100 | H28: 100 | I28: 80 | J28: 100 | K28: 100 | L28: 100 | M28: 60 | N28: 100 | O28: 70 | P28: 90 | Q28: 100 | R28: 90 | S28: 80 | T28: 80 | U28: 80
C29: 100 | D29: 100 | E29: 100 | F29: 90 | G29: 100 | H29: 100 | I29: 100 | J29: 100 | K29: 100 | L29: 100 | M29: 80 | N29: 100 | O29: 80 | P29: 90 | Q29: 100 | R29: 90 | S29: 70 | T29: 90
C30: 100 | D30: 80 | E30: 100 | F30: 80 | G30: 100 | H30: 100 | I30: 90 | J30: 80 | K30: 90 | L30: 90 | M30: 80 | N30: 70 | O30: 70 | P30: 90 | Q30: 80 | R30: 70 | S30: 80 | T30: 70 | U30: 80
C31: 100 | D31: 100 | E31: 100 | F31: 90 | G31: 100 | H31: 100 | I31: 90 | J31: 100 | K31: 100 | L31: 80 | M31: 50 | N31: 90 | O31: 70 | P31: 90 | Q31: 90 | R31: 80 | S31: 80 | T31: 80
C32: 100 | D32: 100 | E32: 100 | F32: 100 | G32: 100 | H32: 100 | I32: 80 | J32: 100 | K32: 100 | M32: 80 | N32: 70 | O32: 70 | P32: 90 | Q32: 100 | R32: 60 | S32: 70 | T32: 70
C33: 100 | D33: 100 | E33: 100 | F33: 80 | G33: 100 | H33: 100 | I33: 90 | J33: 100 | K33: 100 | L33: 100 | M33: 50 | N33: 80 | O33: 60 | P33: 90 | Q33: 90 | R33: 70 | S33: 80 | T33: 80
C34: 100 | D34: 100 | E34: 100 | F34: 100 | G34: 100 | H34: 100 | I34: 80 | J34: 100 | K34: 100 | L34: 100 | M34: 50 | N34: 80 | O34: 80 | P34: 90 | Q34: 100 | R34: 80 | S34: 80 | T34: 80
C35: 100 | D35: 100 | E35: 100 | F35: 90 | G35: 100 | H35: 100 | I35: 90 | J35: 100 | K35: 100 | L35: 80 | M35: 70 | N35: 70 | O35: 60 | P35: 90 | Q35: 100 | R35: 100 | S35: 80 | T35: 80 | U35: 80
C36: 100 | D36: 100 | E36: 100 | G36: 100 | H36: 100 | I36: 100 | J36: 100 | K36: 100 | L36: 100 | M36: 60 | N36: 80 | O36: 70 | P36: 90 | Q36: 90 | R36: 90 | S36: 80 | T36: 80 | U36: 80
C37: 60 | D37: 100 | E37: 100 | F37: 90 | G37: 100 | H37: 100 | I37: 100 | J37: 100 | K37: 100 | L37: 100 | M37: 80 | N37: 80 | O37: 70 | P37: 90 | Q37: 80 | R37: 80 | S37: 70 | T37: 80
C38: 100 | D38: 100 | E38: 100 | F38: 90 | G38: 100 | H38: 100 | I38: 80 | J38: 80 | K38: 80 | L38: 90 | M38: 60 | N38: 90 | O38: 70 | P38: 90 | Q38: 90 | R38: 100 | S38: 90 | T38: 80 | U38: 80
C39: 100 | D39: 100 | E39: 100 | F39: 80 | G39: 80 | H39: 80 | I39: 90 | J39: 100 | K39: 100 | L39: 80 | M39: 80 | N39: 70 | O39: 70 | P39: 90 | Q39: 90 | R39: 80 | S39: 80 | T39: 80 | U39: 80
C40: 100 | D40: 100 | E40: 100 | F40: 80 | G40: 100 | H40: 100 | I40: 90 | J40: 90 | K40: 100 | L40: 80 | M40: 80 | N40: 60 | O40: 70 | P40: 90 | Q40: 100 | R40: 90 | S40: 80 | T40: 70 | U40: 80
C41: 100 | D41: 100 | E41: 100 | F41: 90 | G41: 100 | H41: 100 | I41: 100 | J41: 90 | K41: 100 | L41: 100 | M41: 80 | N41: 70 | O41: 70 | P41: 90 | Q41: 100 | R41: 80 | S41: 80 | T41: 80 | U41: 80
C42: 100 | D42: 100 | E42: 100 | F42: 90 | G42: 100 | H42: 100 | I42: 100 | J42: 100 | K42: 100 | L42: 80 | M42: 70 | N42: 80 | O42: 70 | P42: 90 | Q42: 100 | R42: 90 | S42: 80 | T42: 80 | U42: 80
C43: 100 | D43: 100 | E43: 100 | G43: 80 | H43: 80 | I43: 80 | K43: 100 | L43: 80
C44: 100 | D44: 100 | E44: 100 | F44: 90 | G44: 100 | H44: 100 | I44: 100 | J44: 100 | K44: 100 | L44: 100 | M44: 80 | N44: 80 | O44: 70 | P44: 90 | Q44: 100 | R44: 100 | S44: 90 | T44: 80 | U44: 70
C45: 100 | D45: 100 | E45: 100 | F45: 80 | G45: 80 | H45: 80 | I45: 90 | J45: 100 | K45: 100 | L45: 80 | M45: 80 | N45: 70 | O45: 70 | P45: 90 | Q45: 100 | R45: 70 | S45: 80 | T45: 70 | U45: 70
C46: 100 | D46: 80 | E46: 100 | G46: 80 | H46: 80 | I46: 80 | J46: 100 | K46: 100 | L46: 100 | M46: 80 | N46: 70 | O46: 90 | P46: 90 | Q46: 90 | R46: 80 | S46: 70 | T46: 80 | U46: 70
C47: 100 | D47: 80 | E47: 100 | F47: 80 | G47: 100 | H47: 100 | I47: 100 | J47: 100 | M47: 80 | N47: 70 | O47: 90 | P47: 90 | Q47: 90 | R47: 80 | S47: 90 | T47: 60 | U47: 80
C48: 100 | D48: 100 | E48: 100 | F48: 80 | G48: 90 | H48: 90 | I48: 90 | J48: 100 | K48: 100 | L48: 90 | M48: 80 | N48: 60 | O48: 70 | P48: 90 | Q48: 90 | R48: 90 | S48: 80 | T48: 80
C49: 100 | D49: 80 | E49: 100 | F49: 80 | G49: 100 | H49: 100 | I49: 100 | J49: 100 | K49: 100 | L49: 100 | M49: 80 | N49: 70 | O49: 70 | P49: 90 | Q49: 100 | R49: 90 | S49: 80 | T49: 80 | U49: 70
C50: 80 | D50: 100 | E50: 100 | F50: 100 | G50: 100 | H50: 100 | I50: 100 | L50: 100 | M50: 80 | O50: 60 | Q50: 100 | R50: 80 | S50: 70 | T50: 80 | U50: 80
C51: 100 | D51: 100 | E51: 100 | F51: 80 | G51: 100 | H51: 100 | I51: 100 | J51: 100 | K51: 100 | L51: 100 | M51: 70 | N51: 70 | O51: 60 | P51: 90 | Q51: 80 | R51: 80 | S51: 80 | T51: 90 | U51: 70
C52: 100 | D52: 100 | E52: 80 | F52: 90 | G52: 100 | H52: 100 | I52: 90 | J52: 100 | L52: 100 | M52: 70 | N52: 80 | O52: 70 | P52: 90 | Q52: 90 | R52: 80 | S52: 80 | T52: 80 | U52: 80

Sheet 考试统计
A1: 考试统计
A2: 课程：移动应用开发 班级：计科22选49 任课教师：刘东良 导出时间：2026-01-21 01:17:52
A3: 学生姓名 | B3: 学号/工号 | C3: 院系 | D3: 专业 | E3: 班级 | F3: 课程考核大作业 | J3: 课程考核大作业提交最终打印稿
F4: 成绩 | G4: 领取时间 | H4: 提交时间 | I4: 状态 | J4: 成绩 | K4: 领取时间 | L4: 提交时间 | M4: 状态
A5: 张梦杰 | B5: 2020211034 | C5: 计算机与信息工程学院（大学计算机教学部） | D5: 计算机科学与技术 | E5: 计科222 | F5: 70 | G5: 2025-12-27 17:07 | H5: 2025-12-27 19:27 | I5: 已完成 | J5: 0 | K5: 2026-01-01 11:37 | L5: 2026-01-01 11:38 | M5: 待批阅
A6: 童其凡 | B6: 2020213700 | C6: 计算机与信息工程学院（大学计算机教学部） | D6: 计算机科学与技术 | E6: 计科222 | F6: 60 | G6: 2025-12-26 17:10 | H6: 2025-12-26 17:12 | I6: 已完成 | J6: 0 | K6: 2026-01-01 14:15 | L6: 2026-01-01 14:16 | M6: 待批阅
A7: 曹安晨 | B7: 2022210331 | C7: 计算机与信息工程学院（大学计算机教学部） | D7: 计算机科学与技术 | E7: 计科221 | F7: 60 | G7: 2025-12-26 22:30 | H7: 2025-12-26 22:31 | I7: 已完成 | J7: 0 | K7: 2026-01-01 13:04 | L7: 2026-01-01 13:05 | M7: 待批阅
A8: 陈晨 | B8: 2022210332 | C8: 计算机与信息工程学院（大学计算机教学部） | D8: 计算机科学与技术 | E8: 计科221 | F8: 80 | G8: 2025-12-27 19:21 | H8: 2025-12-27 19:23 | I8: 已完成 | J8: 0 | K8: 2026-01-01 08:38 | L8: 2026-01-01 08:39 | M8: 待批阅
A9: 陈创东 | B9: 2022210333 | C9: 计算机与信息工程学院（大学计算机教学部） | D9: 计算机科学与技术 | E9: 计科221 | F9: 70 | G9: 2025-12-25 18:19 | H9: 2025-12-26 14:30 | I9: 已完成 | J9: 0 | K9: 2025-12-31 19:29 | L9: 2025-12-31 19:30 | M9: 待批阅
A10: 程纪阳 | B10: 2022210334 | C10: 计算机与信息工程学院（大学计算机教学部） | D10: 计算机科学与技术 | E10: 计科221 | F10: 80 | G10: 2025-12-24 14:58 | H10: 2025-12-24 14:59 | I10: 已完成 | J10: 0 | K10: 2025-12-31 19:31 | L10: 2025-12-31 19:34 | M10: 待批阅
A11: 程梦圆 | B11: 2022210335 | C11: 计算机与信息工程学院（大学计算机教学部） | D11: 计算机科学与技术 | E11: 计科221 | F11: 70 | G11: 2025-12-26 13:48 | H11: 2025-12-26 13:49 | I11: 已完成 | J11: 0 | K11: 2025-12-31 19:04 | L11: 2025-12-31 19:07 | M11: 待批阅
A12: 邓慧茹 | B12: 2022210337 | C12: 计算机与信息工程学院（大学计算机教学部） | D12: 计算机科学与技术 | E12: 计科221 | F12: 79 | G12: 2025-12-22 18:33 | H12: 2025-12-23 19:24 | I12: 已完成 | J12: 0 | K12: 2026-01-01 11:03 | L12: 2026-01-01 11:04 | M12: 待批阅
A13: 丁玉耀 | B13: 2022210338 | C13: 计算机与信息工程学院（大学计算机教学部） | D13: 计算机科学与技术 | E13: 计科221 | F13: 0 | I13: 未参加考试 | J13: 0 | M13: 待解答
A14: 范鑫蕊 | B14: 2022210339 | C14: 计算机与信息工程学院（大学计算机教学部） | D14: 计算机科学与技术 | E14: 计科221 | F14: 80 | G14: 2025-12-27 18:15 | H14: 2025-12-27 18:18 | I14: 已完成 | J14: 0 | K14: 2026-01-01 11:20 | L14: 2026-01-01 11:21 | M14: 待批阅
A15: 高恩鹏 | B15: 2022210342 | C15: 计算机与信息工程学院（大学计算机教学部） | D15: 计算机科学与技术 | E15: 计科221 | F15: 70 | G15: 2025-12-27 14:34 | H15: 2025-12-27 14:41 | I15: 已完成 | J15: 0 | K15: 2026-01-01 11:08 | L15: 2026-01-01 11:09 | M15: 待批阅
A16: 关雪艳 | B16: 2022210343 | C16: 计算机与信息工程学院（大学计算机教学部） | D16: 计算机科学与技术 | E16: 计科221 | F16: 90 | G16: 2025-12-23 19:27 | H16: 2025-12-26 23:58 | I16: 已完成 | J16: 0 | K16: 2025-12-31 20:08 | L16: 2025-12-31 20:09 | M16: 待批阅
A17: 郭新杰 | B17: 2022210344 | C17: 计算机与信息工程学院（大学计算机教学部） | D17: 计算机科学与技术 | E17: 计科221 | F17: 70 | G17: 2025-12-25 16:12 | H17: 2025-12-27 00:14 | I17: 已完成 | J17: 0 | K17: 2026-01-01 11:24 | L17: 2026-01-01 11:25 | M17: 待批阅
A18: 洪晓瑞 | B18: 2022210346 | C18: 计算机与信息工程学院（大学计算机教学部） | D18: 计算机科学与技术 | E18: 计科221 | F18: 70 | G18: 2025-12-27 14:43 | H18: 2025-12-27 14:44 | I18: 已完成 | J18: 0 | K18: 2026-01-01 11:23 | L18: 2026-01-01 11:23 | M18: 待批阅
A19: 胡步兴 | B19: 2022210347 | C19: 计算机与信息工程学院（大学计算机教学部） | D19: 计算机科学与技术 | E19: 计科221 | F19: 70 | G19: 2025-12-26 20:53 | H19: 2025-12-26 20:59 | I19: 已完成 | J19: 0 | K19: 2026-01-01 11:06 | L19: 2026-01-01 11:06 | M19: 待批阅
A20: 胡昊泱 | B20: 2022210348 | C20: 计算机与信息工程学院（大学计算机教学部） | D20: 计算机科学与技术 | E20: 计科221 | F20: 80 | G20: 2025-12-27 18:20 | H20: 2025-12-27 18:22 | I20: 已完成 | J20: 0 | K20: 2026-01-01 16:02 | L20: 2026-01-01 16:03 | M20: 待批阅
A21: 季玮 | B21: 2022210351 | C21: 计算机与信息工程学院（大学计算机教学部） | D21: 计算机科学与技术 | E21: 计科221 | F21: 70 | G21: 2025-12-27 22:35 | H21: 2025-12-27 22:36 | I21: 已完成 | J21: 0 | K21: 2026-01-01 11:05 | L21: 2026-01-01 11:06 | M21: 待批阅
A22: 李宝航 | B22: 2022210359 | C22: 计算机与信息工程学院（大学计算机教学部） | D22: 计算机科学与技术 | E22: 计科221 | F22: 0 | I22: 待解答 | J22: 0 | K22: 2026-01-01 13:34 | L22: 2026-01-01 13:36 | M22: 待批阅
A23: 李浩 | B23: 2022210360 | C23: 计算机与信息工程学院（大学计算机教学部） | D23: 计算机科学与技术 | E23: 计科221 | F23: 79 | G23: 2025-12-24 22:51 | H23: 2025-12-24 22:53 | I23: 已完成 | J23: 0 | K23: 2025-12-31 22:28 | L23: 2025-12-31 22:28 | M23: 待批阅
A24: 李今朝 | B24: 2022210361 | C24: 计算机与信息工程学院（大学计算机教学部） | D24: 计算机科学与技术 | E24: 计科221 | F24: 70 | G24: 2025-12-26 14:26 | H24: 2025-12-27 18:41 | I24: 已完成 | J24: 0 | K24: 2026-01-03 18:37 | L24: 2026-01-03 18:40 | M24: 待批阅
A25: 李良辰 | B25: 2022210362 | C25: 计算机与信息工程学院（大学计算机教学部） | D25: 计算机科学与技术 | E25: 计科221 | F25: 70 | G25: 2025-12-27 21:14 | H25: 2025-12-27 21:16 | I25: 已完成 | J25: 0 | K25: 2026-01-01 11:37 | L25: 2026-01-01 11:38 | M25: 待批阅
A26: 梁平 | B26: 2022210367 | C26: 计算机与信息工程学院（大学计算机教学部） | D26: 计算机科学与技术 | E26: 计科221 | F26: 70 | G26: 2025-12-27 13:38 | H26: 2025-12-27 13:40 | I26: 已完成 | J26: 0 | K26: 2025-12-31 18:44 | L26: 2025-12-31 18:48 | M26: 待批阅
A27: 陆征宇 | B27: 2022210371 | C27: 计算机与信息工程学院（大学计算机教学部） | D27: 计算机科学与技术 | E27: 计科221 | F27: 0 | I27: 未参加考试 | J27: 0 | K27: 2025-12-31 18:45 | L27: 2025-12-31 18:47 | M27: 待批阅
A28: 苗佳宇 | B28: 2022210374 | C28: 计算机与信息工程学院（大学计算机教学部） | D28: 计算机科学与技术 | E28: 计科221 | F28: 70 | G28: 2025-12-26 17:50 | H28: 2025-12-26 18:28 | I28: 已完成 | J28: 0 | K28: 2025-12-31 22:24 | L28: 2025-12-31 22:25 | M28: 待批阅
A29: 庞雨俊 | B29: 2022210376 | C29: 计算机与信息工程学院（大学计算机教学部） | D29: 计算机科学与技术 | E29: 计科221 | F29: 70 | G29: 2025-12-27 14:34 | H29: 2025-12-27 22:27 | I29: 已完成 | J29: 0 | K29: 2026-01-01 11:29 | L29: 2026-01-01 11:30 | M29: 待批阅
A30: 戚锐 | B30: 2022210378 | C30: 计算机与信息工程学院（大学计算机教学部） | D30: 计算机科学与技术 | E30: 计科221 | F30: 70 | G30: 2025-12-26 18:17 | H30: 2025-12-27 17:03 | I30: 已完成 | J30: 0 | K30: 2026-01-01 11:03 | L30: 2026-01-01 11:04 | M30: 待批阅
A31: 任奕凯 | B31: 2022210380 | C31: 计算机与信息工程学院（大学计算机教学部） | D31: 计算机科学与技术 | E31: 计科221 | F31: 70 | G31: 2025-12-27 11:20 | H31: 2025-12-27 11:23 | I31: 已完成 | J31: 0 | K31: 2025-12-31 19:58 | L31: 2025-12-31 20:02 | M31: 待批阅
A32: 阮珧 | B32: 2022210381 | C32: 计算机与信息工程学院（大学计算机教学部） | D32: 计算机科学与技术 | E32: 计科222 | F32: 70 | G32: 2025-12-27 13:44 | H32: 2025-12-27 13:46 | I32: 已完成 | J32: 0 | K32: 2026-01-01 14:47 | L32: 2026-01-01 14:48 | M32: 待批阅
A33: 孙嘉婧 | B33: 2022210384 | C33: 计算机与信息工程学院（大学计算机教学部） | D33: 计算机科学与技术 | E33: 计科222 | F33: 60 | G33: 2025-12-27 19:47 | H33: 2025-12-27 19:48 | I33: 已完成 | J33: 0 | K33: 2026-01-01 19:31 | L33: 2026-01-01 19:31 | M33: 待批阅
A34: 孙锦年 | B34: 2022210385 | C34: 计算机与信息工程学院（大学计算机教学部） | D34: 计算机科学与技术 | E34: 计科222 | F34: 60 | G34: 2025-12-24 14:58 | H34: 2025-12-25 22:33 | I34: 已完成 | J34: 0 | K34: 2026-01-01 12:05 | L34: 2026-01-01 12:05 | M34: 待批阅
A35: 唐蕊 | B35: 2022210387 | C35: 计算机与信息工程学院（大学计算机教学部） | D35: 计算机科学与技术 | E35: 计科222 | F35: 70 | G35: 2025-12-26 14:24 | H35: 2025-12-26 14:27 | I35: 已完成 | J35: 0 | K35: 2026-01-01 17:38 | L35: 2026-01-01 17:48 | M35: 待批阅
A36: 汪海洋 | B36: 2022210389 | C36: 计算机与信息工程学院（大学计算机教学部） | D36: 计算机科学与技术 | E36: 计科222 | F36: 70 | G36: 2025-12-24 16:33 | H36: 2025-12-26 18:28 | I36: 已完成 | J36: 0 | K36: 2025-12-31 22:52 | L36: 2025-12-31 22:53 | M36: 待批阅
A37: 王瑞 | B37: 2022210392 | C37: 计算机与信息工程学院（大学计算机教学部） | D37: 计算机科学与技术 | E37: 计科222 | F37: 70 | G37: 2025-12-26 16:38 | H37: 2025-12-26 16:41 | I37: 已完成 | J37: 0 | K37: 2025-12-31 23:27 | L37: 2025-12-31 23:27 | M37: 待批阅
A38: 王鑫玥 | B38: 2022210393 | C38: 计算机与信息工程学院（大学计算机教学部） | D38: 计算机科学与技术 | E38: 计科222 | F38: 70 | G38: 2025-12-26 22:53 | H38: 2025-12-26 22:54 | I38: 已完成 | J38: 0 | K38: 2026-01-01 00:09 | L38: 2026-01-01 00:12 | M38: 待批阅
A39: 王志成 | B39: 2022210394 | C39: 计算机与信息工程学院（大学计算机教学部） | D39: 计算机科学与技术 | E39: 计科222 | F39: 70 | G39: 2025-12-26 15:50 | H39: 2025-12-26 15:52 | I39: 已完成 | J39: 0 | K39: 2025-12-31 19:43 | L39: 2025-12-31 19:50 | M39: 待批阅
... A44: 张金龙 | B44: 2022210405 | C44: 计算机与信息工程学院（大学计算机教学部） | D44: 计算机科学与技术 | E44: 计科222 | F44: 80 | G44: 2025-12-26 14:47 | H44: 2025-12-26 14:51 | I44: 已完成 | J44: 0 | K44: 2025-12-31 23:29 | L44: 2025-12-31 23:34 | M44: 待批阅
A45: 张克 | B45: 2022210407 | C45: 计算机与信息工程学院（大学计算机教学部） | D45: 计算机科学与技术 | E45: 计科222 | F45: 0 | I45: 待解答 | J45: 0 | M45: 未参加考试
A46: 张文抱 | B46: 2022210411 | C46: 计算机与信息工程学院（大学计算机教学部） | D46: 计算机科学与技术 | E46: 计科222 | F46: 70 | G46: 2025-12-27 19:49 | H46: 2025-12-27 19:50 | I46: 已完成 | J46: 0 | K46: 2025-12-31 23:41 | L46: 2025-12-31 23:41 | M46: 待批阅
A47: 张玉妍 | B47: 2022210414 | C47: 计算机与信息工程学院（大学计算机教学部） | D47: 计算机科学与技术 | E47: 计科222 | F47: 70 | G47: 2025-12-27 18:29 | H47: 2025-12-27 18:30 | I47: 已完成 | J47: 0 | K47: 2026-01-01 11:17 | L47: 2026-01-01 11:17 | M47: 待批阅
A48: 赵杰 | B48: 2022210416 | C48: 计算机与信息工程学院（大学计算机教学部） | D48: 计算机科学与技术 | E48: 计科222 | F48: 80 | G48: 2025-12-27 17:54 | H48: 2025-12-27 20:23 | I48: 已完成 | J48: 0 | K48: 2025-12-31 18:50 | L48: 2025-12-31 18:53 | M48: 待批阅
A49: 郑存耀 | B49: 2022210417 | C49: 计算机与信息工程学院（大学计算机教学部） | D49: 计算机科学与技术 | E49: 计科222 | F49: 70 | G49: 2025-12-27 14:15 | H49: 2025-12-27 14:18 | I49: 已完成 | J49: 0 | K49: 2025-12-31 20:02 | L49: 2025-12-31 20:03 | M49: 待批阅
A50: 周宇 | B50: 2022210422 | C50: 计算机与信息工程学院（大学计算机教学部） | D50: 计算机科学与技术 | E50: 计科222 | F50: 60 | G50: 2025-12-25 21:39 | H50: 2025-12-25 21:41 | I50: 已完成 | J50: 0 | K50: 2026-01-01 11:33 | L50: 2026-01-01 11:34 | M50: 待批阅
A51: 朱传双 | B51: 2022210423 | C51: 计算机与信息工程学院（大学计算机教学部） | D51: 计算机科学与技术 | E51: 计科222 | F51: 70 | G51: 2025-12-27 20:39 | H51: 2025-12-27 20:41 | I51: 已完成 | J51: 0 | K51: 2026-01-01 11:04 | L51: 2026-01-01 11:14 | M51: 待批阅
A52: 朱世俊 | B52: 2022210428 | C52: 计算机与信息工程学院（大学计算机教学部） | D52: 计算机科学与技术 | E52: 计科222 | F52: 80 | G52: 2025-12-25 15:21 | H52: 2025-12-25 17:02 | I52: 已完成 | J52: 0 | K52: 2026-01-09 19:16 | L52: 2026-01-09 19:17 | M52: 待批阅
A53: 祝文耿 | B53: 2022210429 | C53: 计算机与信息工程学院（大学计算机教学部） | D53: 计算机科学与技术 | E53: 计科222 | F53: 60 | G53: 2025-12-24 19:30 | H53: 2025-12-27 20:22 | I53: 已完成 | J53: 0 | K53: 2026-01-02 23:41 | L53: 2026-01-02 23:42 | M53: 待批阅
A54: 宗梦晴 | B54: 2022210430 | C54: 计算机与信息工程学院（大学计算机教学部） | D54: 计算机科学与技术 | E54: 计科222 | F54: 80 | G54: 2025-12-27 19:42 | H54: 2025-12-27 19:44 | I54: 已完成 | J54: 0 | K54: 2026-01-01 17:49 | L54: 2026-01-01 17:50 | M54: 待批阅

Sheet 章节测验统计
A1: 章节测验统计
A2: 课程：移动应用开发 班级：计科22选49 任课教师：刘东良 导出时间：2026-01-21 01:17:52
A3: 学生姓名 | B3: 学号/工号 | C3: 院系 | D3: 专业 | E3: 班级
A5: 张梦杰 | B5: 2020211034 | C5: 计算机与信息工程学院（大学计算机教学部） | D5: 计算机科学与技术 | E5: 计科222
A6: 童其凡 | B6: 2020213700 | C6: 计算机与信息工程学院（大学计算机教学部） | D6: 计算机科学与技术 | E6: 计科222
A7: 曹安晨 | B7: 2022210331 | C7: 计算机与信息工程学院（大学计算机教学部） | D7: 计算机科学与技术 | E7: 计科221
A8: 陈晨 | B8: 2022210332 | C8: 计算机与信息工程学院（大学计算机教学部） | D8: 计算机科学与技术 | E8: 计科221
A9: 陈创东 | B9: 2022210333 | C9: 计算机与信息工程学院（大学计算机教学部） | D9: 计算机科学与技术 | E9: 计科221
A10: 程纪阳 | B10: 2022210334 | C10: 计算机与信息工程学院（大学计算机教学部） | D10: 计算机科学与技术 | E10: 计科221
A11: 程梦圆 | B11: 2022210335 | C11: 计算机与信息工程学院（大学计算机教学部） | D11: 计算机科学与技术 | E11: 计科221
A12: 邓慧茹 | B12: 2022210337 | C12: 计算机与信息工程学院（大学计算机教学部） | D12: 计算机科学与技术 | E12: 计科221
A13: 丁玉耀 | B13: 2022210338 | C13: 计算机与信息工程学院（大学计算机教学部） | D13: 计算机科学与技术 | E13: 计科221
A14: 范鑫蕊 | B14: 2022210339 | C14: 计算机与信息工程学院（大学计算机教学部） | D14: 计算机科学与技术 | E14: 计科221
A15: 高恩鹏 | B15: 2022210342 | C15: 计算机与信息工程学院（大学计算机教学部） | D15: 计算机科学与技术 | E15: 计科221
... A54: 宗梦晴 | B54: 2022210430 | C54: 计算机与信息工程学院（大学计算机教学部） | D54: 计算机科学与技术 | E54: 计科222

Sheet 线下成绩统计
A1: 线下成绩统计
A2: 课程：移动应用开发 班级：计科22选49 任课教师：刘东良 导出时间：2026-01-21 01:17:52
A3: 学生姓名 | B3: 学号/工号 | C3: 院系 | D3: 专业 | E3: 班级 | F3: 综合成绩
A4: 张梦杰 | B4: 2020211034 | C4: 计算机与信息工程学院（大学计算机教学部） | D4: 计算机科学与技术 | E4: 计科222 | F4: 0
A5: 童其凡 | B5: 2020213700 | C5: 计算机与信息工程学院（大学计算机教学部） | D5: 计算机科学与技术 | E5: 计科222 | F5: 0
A6: 曹安晨 | B6: 2022210331 | C6: 计算机与信息工程学院（大学计算机教学部） | D6: 计算机科学与技术 | E6: 计科221 | F6: 0
A7: 陈晨 | B7: 2022210332 | C7: 计算机与信息工程学院（大学计算机教学部） | D7: 计算机科学与技术 | E7: 计科221 | F7: 0
A8: 陈创东 | B8: 2022210333 | C8: 计算机与信息工程学院（大学计算机教学部） | D8: 计算机科学与技术 | E8: 计科221 | F8: 0
A9: 程纪阳 | B9: 2022210334 | C9: 计算机与信息工程学院（大学计算机教学部） | D9: 计算机科学与技术 | E9: 计科221 | F9: 0
A10: 程梦圆 | B10: 2022210335 | C10: 计算机与信息工程学院（大学计算机教学部） | D10: 计算机科学与技术 | E10: 计科221 | F10: 0
A11: 邓慧茹 | B11: 2022210337 | C11: 计算机与信息工程学院（大学计算机教学部） | D11: 计算机科学与技术 | E11: 计科221 | F11: 0
A12: 丁玉耀 | B12: 2022210338 | C12: 计算机与信息工程学院（大学计算机教学部） | D12: 计算机科学与技术 | E12: 计科221 | F12: 0
A13: 范鑫蕊 | B13: 2022210339 | C13: 计算机与信息工程学院（大学计算机教学部） | D13: 计算机科学与技术 | E13: 计科221 | F13: 0
A14: 高恩鹏 | B14: 2022210342 | C14: 计算机与信息工程学院（大学计算机教学部） | D14: 计算机科学与技术 | E14: 计科221 | F14: 0
A15: 关雪艳 | B15: 2022210343 | C15: 计算机与信息工程学院（大学计算机教学部） | D15: 计算机科学与技术 | E15: 计科221 | F15: 0
... A53: 宗梦晴 | B53: 2022210430 | C53: 计算机与信息工程学院（大学计算机教学部） | D53: 计算机科学与技术 | E53: 计科222 | F53: 0

Sheet 班级教学内容详情
A1: 班级教学内容详情
A2: 课程：移动应用开发 班级：计科22选49 任课教师：刘东良 导出时间：2026-01-21 01:17:52
A3: 班级名称 | B3: 班级ID | C3: 班级状态 | D3: 学习时间段 | E3: 班级人数 | F3: 非隐藏章节数 | G3: 非隐藏任务点数 | H3: 非隐藏章节测验数 | I3: 章节学习次数 | J3: 发放作业数 | K3: 发放考试数 | L3: 发布话题数 | M3: 回复话题数
A4: 计科22选49 | B4: 126903882 | C4: 学习模式 | E4: 50 | F4: 44 | G4: 37 | H4: 0 | I4: 5542 | J4: 26 | K4: 2 | L4: 17 | M4: 4
A5: 计科222 | B5: 125776492 | C5: 复习模式 | E5: 52 | F5: 44 | G5: 37 | H5: 0 | I5: 11 | J5: 0 | K5: 0 | L5: 1 | M5: 0
A6: 计科221 | B6: 122650769 | C6: 复习模式 | D6: 2025-07-13 20:13至2026-02-13 20:13 | E6: 49 | F6: 44 | G6: 37 | H6: 0 | I6: 56 | J6: 0 | K6: 0 | L6: 1 | M6: 0

Sheet 大作业
A1: 《移动应用开发》课程考核大作业 2025.11.24
A2: 学号 | B2: 姓名 | C2: 项目(30%) | D2: 小组(20%) | E2: 个人(20%) | F2: 答辩(30%) | G2: 总分(2位) | H2: 总分
A3: 2020211034 | B3: 张梦杰 | C3: 76 | D3: 71 | E3: 72 | F3: 68 | G3: =C3*0.3+D3*0.2+E3*0.2+F3*0.3 -> 71.8 | H3: 71.8
A4: 2020213700 | B4: 童其凡 | C4: 76 | D4: 70 | E4: 50 | F4: 80 | G4: =C4*0.3+D4*0.2+E4*0.2+F4*0.3 -> 70.8 | H4: 70.8
A5: 2022210331 | B5: 曹安晨 | C5: 62 | D5: 50 | E5: 50 | F5: 60 | G5: =C5*0.3+D5*0.2+E5*0.2+F5*0.3 -> 56.6 | H5: 56.6
A6: 2022210332 | B6: 陈晨 | C6: 92 | D6: 91 | E6: 92 | F6: 87 | G6: =C6*0.3+D6*0.2+E6*0.2+F6*0.3 -> 90.3 | H6: 90.3
A7: 2022210333 | B7: 陈创东 | C7: 92 | D7: 91 | E7: 92 | F7: 93 | G7: =C7*0.3+D7*0.2+E7*0.2+F7*0.3 -> 92.1 | H7: 92.1
A8: 2022210334 | B8: 程纪阳 | C8: 78 | D8: 78 | E8: 86 | F8: 87 | G8: =C8*0.3+D8*0.2+E8*0.2+F8*0.3 -> 82.3 | H8: 82.3
A9: 2022210335 | B9: 程梦圆 | C9: 50 | D9: 50 | E9: 70 | F9: 62.7 | G9: =C9*0.3+D9*0.2+E9*0.2+F9*0.3 -> 57.81 | H9: 57.81
A10: 2022210337 | B10: 邓慧茹 | C10: 88 | D10: 80 | E10: 90 | F10: 74 | G10: =C10*0.3+D10*0.2+E10*0.2+F10*0.3 -> 82.6 | H10: 82.6
A11: 2022210338 | B11: 丁玉耀 | C11: 0 | D11: 0 | E11: 0 | F11: 0 | G11: 0 | H11: 0
A12: 2022210339 | B12: 范鑫蕊 | C12: 80 | D12: 70 | E12: 72 | F12: 78 | G12: =C12*0.3+D12*0.2+E12*0.2+F12*0.3 -> 75.8 | H12: 75.8
A13: 2022210342 | B13: 高恩鹏 | C13: 94 | D13: 92 | E13: 94 | F13: 84.7 | G13: =C13*0.3+D13*0.2+E13*0.2+F13*0.3 -> 90.81 | H13: 90.81
A14: 2022210343 | B14: 关雪艳 | C14: 90 | D14: 90 | E14: 94 | F14: 90 | G14: =C14*0.3+D14*0.2+E14*0.2+F14*0.3 -> 90.8 | H14: 90.8
A15: 2022210344 | B15: 郭新杰 | C15: 80 | D15: 70 | E15: 70 | F15: 83.3 | G15: =C15*0.3+D15*0.2+E15*0.2+F15*0.3 -> 76.99 | H15: 76.99
A16: 2022210346 | B16: 洪晓瑞 | C16: 90 | D16: 90 | E16: 90 | F16: 93 | G16: =C16*0.3+D16*0.2+E16*0.2+F16*0.3 -> 90.9 | H16: 90.9
A17: 2022210347 | B17: 胡步兴 | C17: 86 | D17: 84 | E17: 88 | F17: 80 | G17: =C17*0.3+D17*0.2+E17*0.2+F17*0.3 -> 84.2 | H17: 84.2
A18: 2022210348 | B18: 胡昊泱 | C18: 80 | D18: 76 | E18: 80 | F18: 82 | G18: =C18*0.3+D18*0.2+E18*0.2+F18*0.3 -> 79.8 | H18: 79.8
A19: 2022210351 | B19: 季玮 | C19: 78 | D19: 76 | E19: 80 | F19: 84 | G19: =C19*0.3+D19*0.2+E19*0.2+F19*0.3 -> 79.8 | H19: 79.8
A20: 2022210359 | B20: 李宝航 | C20: 80 | D20: 70 | E20: 80 | F20: 83.3 | G20: =C20*0.3+D20*0.2+E20*0.2+F20*0.3 -> 78.99 | H20: 78.99
A21: 2022210360 | B21: 李浩 | C21: 70 | D21: 70 | E21: 68 | F21: 74 | G21: =C21*0.3+D21*0.2+E21*0.2+F21*0.3 -> 70.8 | H21: 70.8
A22: 2022210361 | B22: 李今朝 | C22: 90 | D22: 88 | E22: 93 | F22: 90.7 | G22: =C22*0.3+D22*0.2+E22*0.2+F22*0.3 -> 90.41 | H22: 90.41
A23: 2022210362 | B23: 李良辰 | C23: 70 | D23: 70 | E23: 64 | F23: 60 | G23: =C23*0.3+D23*0.2+E23*0.2+F23*0.3 -> 65.8 | H23: 65.8
... A42: 2022210405 | B42: 张金龙 | C42: 78 | D42: 76 | E42: 80 | F42: 90 | G42: =C42*0.3+D42*0.2+E42*0.2+F42*0.3 -> 81.6 | H42: 81.6
A43: 2022210407 | B43: 张克 | C43: 0 | D43: 0 | E43: 0 | F43: 0 | G43: 0 | H43: 0
A44: 2022210411 | B44: 张文抱 | C44: 50 | D44: 50 | E44: 50 | F44: 60 | G44: =C44*0.3+D44*0.2+E44*0.2+F44*0.3 -> 53 | H44: 53
A45: 2022210414 | B45: 张玉妍 | C45: 86 | D45: 82 | E45: 80 | F45: 81 | G45: =C45*0.3+D45*0.2+E45*0.2+F45*0.3 -> 82.5 | H45: 82.5
A46: 2022210416 | B46: 赵杰 | C46: 64 | D46: 62 | E46: 68 | F46: 67.3 | G46: =C46*0.3+D46*0.2+E46*0.2+F46*0.3 -> 65.39 | H46: 65.39
A47: 2022210417 | B47: 郑存耀 | C47: 80 | D47: 78 | E47: 78 | F47: 70 | G47: =C47*0.3+D47*0.2+E47*0.2+F47*0.3 -> 76.2 | H47: 76.2
A48: 2022210422 | B48: 周宇 | C48: 80 | D48: 70 | E48: 76 | F48: 76.7 | G48: =C48*0.3+D48*0.2+E48*0.2+F48*0.3 -> 76.21 | H48: 76.21
A49: 2022210423 | B49: 朱传双 | C49: 60 | D49: 60 | E49: 50 | F49: 60 | G49: =C49*0.3+D49*0.2+E49*0.2+F49*0.3 -> 58 | H49: 58
A50: 2022210428 | B50: 朱世俊 | C50: 78 | D50: 76 | E50: 78 | F50: 77 | G50: =C50*0.3+D50*0.2+E50*0.2+F50*0.3 -> 77.3 | H50: 77.3
A51: 2022210429 | B51: 祝文耿 | C51: 76 | D51: 74 | E51: 60 | F51: 60 | G51: =C51*0.3+D51*0.2+E51*0.2+F51*0.3 -> 67.6 | H51: 67.6
A52: 2022210430 | B52: 宗梦晴 | C52: 92 | D52: 92 | E52: 94 | F52: 90 | G52: =C52*0.3+D52*0.2+E52*0.2+F52*0.3 -> 91.8 | H52: 91.8

Sheet 实验成绩
A1: 《移动应用开发》实验成绩
A2: 学号 | B2: 姓名 | C2: 实验一 | D2: 实验二 | E2: 实验三 | F2: 实验四 | G2: 实验五 | H2: 实验六 | I2: 实验七 | J2: 平均分
A3: =作业统计!B5 -> 2020211034 | B3: =作业统计!A5 -> 张梦杰 | C3: =作业统计!F5 -> 80 | D3: =作业统计!O5 -> 80 | E3: =作业统计!X5 -> 80 | F3: =作业统计!AG5 -> 100 | G3: =作业统计!AM5 -> 70 | H3: =作业统计!AP5 -> 70 | I3: =作业统计!BB5 -> 70 | J3: =AVERAGE(C3:I3) -> 78.571429
A4: =作业统计!B6 -> 2020213700 | B4: =作业统计!A6 -> 童其凡 | C4: =作业统计!F6 -> 90 | D4: =作业统计!O6 -> 90 | E4: =作业统计!X6 -> 80 | F4: =作业统计!AG6 -> 100 | G4: =作业统计!AM6 -> 60 | H4: =作业统计!AP6 -> 90 | I4: =作业统计!BB6 -> 70 | J4: =AVERAGE(C4:I4) -> 82.857143
A5: =作业统计!B7 -> 2022210331 | B5: =作业统计!A7 -> 曹安晨 | C5: =作业统计!F7 -> 100 | D5: =作业统计!O7 -> 90 | E5: =作业统计!X7 -> 100 | F5: =作业统计!AG7 -> 100 | G5: =作业统计!AM7 -> 70 | H5: =作业统计!AP7 -> 80 | I5: =作业统计!BB7 -> 70 | J5: =AVERAGE(C5:I5) -> 87.142857
A6: =作业统计!B8 -> 2022210332 | B6: =作业统计!A8 -> 陈晨 | C6: =作业统计!F8 -> 100 | D6: =作业统计!O8 -> 90 | E6: =作业统计!X8 -> 70 | F6: =作业统计!AG8 -> 100 | G6: =作业统计!AM8 -> 80 | H6: =作业统计!AP8 -> 90 | I6: =作业统计!BB8 -> 70 | J6: =AVERAGE(C6:I6) -> 85.714286
A7: =作业统计!B9 -> 2022210333 | B7: =作业统计!A9 -> 陈创东 | C7: =作业统计!F9 -> 100 | D7: =作业统计!O9 -> 60 | E7: =作业统计!X9 -> 70 | F7: =作业统计!AG9 -> 80 | G7: =作业统计!AM9 -> 95 | H7: =作业统计!AP9 -> 90 | I7: =作业统计!BB9 -> 60 | J7: =AVERAGE(C7:I7) -> 79.285714
A8: =作业统计!B10 -> 2022210334 | B8: =作业统计!A10 -> 程纪阳 | C8: =作业统计!F10 -> 80 | D8: =作业统计!O10 -> 100 | E8: =作业统计!X10 -> 100 | F8: =作业统计!AG10 -> 100 | G8: =作业统计!AM10 -> 80 | H8: =作业统计!AP10 -> 80 | I8: =作业统计!BB10 -> 80 | J8: =AVERAGE(C8:I8) -> 88.571429
A9: =作业统计!B11 -> 2022210335 | B9: =作业统计!A11 -> 程梦圆 | C9: =作业统计!F11 -> 100 | D9: =作业统计!O11 -> 90 | E9: =作业统计!X11 -> 80 | F9: =作业统计!AG11 -> 100 | G9: =作业统计!AM11 -> 80 | H9: =作业统计!AP11 -> 70 | I9: =作业统计!BB11 -> 70 | J9: =AVERAGE(C9:I9) -> 84.285714
A10: =作业统计!B12 -> 2022210337 | B10: =作业统计!A12 -> 邓慧茹 | C10: =作业统计!F12 -> 100 | D10: =作业统计!O12 -> 80 | E10: =作业统计!X12 -> 95 | F10: =作业统计!AG12 -> 90 | G10: =作业统计!AM12 -> 80 | H10: =作业统计!AP12 -> 60 | I10: =作业统计!BB12 -> 70 | J10: =AVERAGE(C10:I10) -> 82.142857
A11: =作业统计!B13 -> 2022210338 | B11: =作业统计!A13 -> 丁玉耀 | C11: 0 | D11: 0 | E11: 0 | F11: 0 | G11: 0 | H11: 0 | I11: 0 | J11: 0
A12: =作业统计!B14 -> 2022210339 | B12: =作业统计!A14 -> 范鑫蕊 | C12: =作业统计!F14 -> 100 | D12: =作业统计!O14 -> 80 | E12: =作业统计!X14 -> 90 | F12: =作业统计!AG14 -> 80 | G12: =作业统计!AM14 -> 70 | H12: =作业统计!AP14 -> 80 | I12: =作业统计!BB14 -> 70 | J12: =AVERAGE(C12:I12) -> 81.428571
A13: =作业统计!B15 -> 2022210342 | B13: =作业统计!A15 -> 高恩鹏 | C13: =作业统计!F15 -> 100 | D13: =作业统计!O15 -> 100 | E13: =作业统计!X15 -> 80 | F13: =作业统计!AG15 -> 100 | G13: =作业统计!AM15 -> 80 | H13: =作业统计!AP15 -> 80 | I13: =作业统计!BB15 -> 95 | J13: =AVERAGE(C13:I13) -> 90.714286
A14: =作业统计!B16 -> 2022210343 | B14: =作业统计!A16 -> 关雪艳 | C14: =作业统计!F16 -> 100 | D14: =作业统计!O16 -> 80 | E14: =作业统计!X16 -> 90 | F14: =作业统计!AG16 -> 95 | G14: =作业统计!AM16 -> 80 | H14: =作业统计!AP16 -> 80 | I14: =作业统计!BB16 -> 70 | J14: =AVERAGE(C14:I14) -> 85
A15: =作业统计!B17 -> 2022210344 | B15: =作业统计!A17 -> 郭新杰 | C15: =作业统计!F17 -> 100 | D15: =作业统计!O17 -> 90 | E15: =作业统计!X17 -> 70 | F15: =作业统计!AG17 -> 100 | G15: =作业统计!AM17 -> 80 | H15: =作业统计!AP17 -> 70 | I15: =作业统计!BB17 -> 70 | J15: =AVERAGE(C15:I15) -> 82.857143
A16: =作业统计!B18 -> 2022210346 | B16: =作业统计!A18 -> 洪晓瑞 | C16: =作业统计!F18 -> 100 | D16: =作业统计!O18 -> 100 | E16: =作业统计!X18 -> 80 | F16: =作业统计!AG18 -> 100 | G16: =作业统计!AM18 -> 70 | H16: =作业统计!AP18 -> 80 | I16: =作业统计!BB18 -> 95 | J16: =AVERAGE(C16:I16) -> 89.285714
A17: =作业统计!B19 -> 2022210347 | B17: =作业统计!A19 -> 胡步兴 | C17: =作业统计!F19 -> 100 | D17: =作业统计!O19 -> 90 | E17: =作业统计!X19 -> 90 | F17: =作业统计!AG19 -> 95 | G17: =作业统计!AM19 -> 90 | H17: =作业统计!AP19 -> 80 | I17: =作业统计!BB19 -> 70 | J17: =AVERAGE(C17:I17) -> 87.857143
A18: =作业统计!B20 -> 2022210348 | B18: =作业统计!A20 -> 胡昊泱 | C18: =作业统计!F20 -> 100 | D18: =作业统计!O20 -> 80 | E18: =作业统计!X20 -> 70 | F18: =作业统计!AG20 -> 100 | G18: =作业统计!AM20 -> 80 | H18: =作业统计!AP20 -> 70 | I18: =作业统计!BB20 -> 70 | J18: =AVERAGE(C18:I18) -> 81.428571
A19: =作业统计!B21 -> 2022210351 | B19: =作业统计!A21 -> 季玮 | C19: =作业统计!F21 -> 100 | D19: =作业统计!O21 -> 80 | E19: =作业统计!X21 -> 100 | F19: =作业统计!AG21 -> 100 | G19: =作业统计!AM21 -> 90 | H19: =作业统计!AP21 -> 80 | I19: =作业统计!BB21 -> 70 | J19: =AVERAGE(C19:I19) -> 88.571429
A20: =作业统计!B22 -> 2022210359 | B20: =作业统计!A22 -> 李宝航 | C20: 0 | D20: 0 | E20: 0 | F20: 0 | G20: 0 | H20: 0 | I20: 0 | J20: 0
A21: =作业统计!B23 -> 2022210360 | B21: =作业统计!A23 -> 李浩 | C21: =作业统计!F23 -> 100 | D21: =作业统计!O23 -> 95 | E21: =作业统计!X23 -> 80 | F21: =作业统计!AG23 -> 100 | G21: =作业统计!AM23 -> 90 | H21: =作业统计!AP23 -> 80 | I21: =作业统计!BB23 -> 70 | J21: =AVERAGE(C21:I21) -> 87.857143
A22: =作业统计!B24 -> 2022210361 | B22: =作业统计!A24 -> 李今朝 | C22: =作业统计!F24 -> 100 | D22: =作业统计!O24 -> 90 | E22: =作业统计!X24 -> 80 | F22: =作业统计!AG24 -> 100 | G22: =作业统计!AM24 -> 70 | H22: 0 | I22: =作业统计!BB24 -> 60 | J22: =AVERAGE(C22:I22) -> 71.428571
A23: =作业统计!B25 -> 2022210362 | B23: =作业统计!A25 -> 李良辰 | C23: =作业统计!F25 -> 100 | D23: =作业统计!O25 -> 80 | E23: =作业统计!X25 -> 70 | F23: =作业统计!AG25 -> 90 | G23: =作业统计!AM25 -> 50 | H23: =作业统计!AP25 -> 80 | I23: =作业统计!BB25 -> 50 | J23: =AVERAGE(C23:I23) -> 74.285714
A24: =作业统计!B26 -> 2022210367 | B24: =作业统计!A26 -> 梁平 | C24: =作业统计!F26 -> 80 | D24: =作业统计!O26 -> 90 | E24: =作业统计!X26 -> 80 | F24: =作业统计!AG26 -> 100 | G24: =作业统计!AM26 -> 60 | H24: =作业统计!AP26 -> 90 | I24: =作业统计!BB26 -> 60 | J24: =AVERAGE(C24:I24) -> 80
A25: =作业统计!B27 -> 2022210371 | B25: =作业统计!A27 -> 陆征宇 | C25: =作业统计!F27 -> 80 | D25: =作业统计!O27 -> 90 | E25: =作业统计!X27 -> 100 | F25: =作业统计!AG27 -> 90 | G25: =作业统计!AM27 -> 70 | H25: =作业统计!AP27 -> 70 | I25: =作业统计!BB27 -> 70 | J25: =AVERAGE(C25:I25) -> 81.428571
A26: =作业统计!B28 -> 2022210374 | B26: =作业统计!A28 -> 苗佳宇 | C26: =作业统计!F28 -> 100 | D26: =作业统计!O28 -> 100 | E26: =作业统计!X28 -> 95 | F26: =作业统计!AG28 -> 100 | G26: =作业统计!AM28 -> 70 | H26: =作业统计!AP28 -> 80 | I26: =作业统计!BB28 -> 80 | J26: =AVERAGE(C26:I26) -> 89.285714
A27: =作业统计!B29 -> 2022210376 | B27: =作业统计!A29 -> 庞雨俊 | C27: =作业统计!F29 -> 100 | D27: =作业统计!O29 -> 80 | E27: =作业统计!X29 -> 70 | F27: =作业统计!AG29 -> 100 | G27: =作业统计!AM29 -> 70 | H27: =作业统计!AP29 -> 70 | I27: =作业统计!BB29 -> 95 | J27: =AVERAGE(C27:I27) -> 83.571429
A28: =作业统计!B30 -> 2022210378 | B28: =作业统计!A30 -> 戚锐 | C28: =作业统计!F30 -> 100 | D28: =作业统计!O30 -> 100 | E28: =作业统计!X30 -> 100 | F28: =作业统计!AG30 -> 100 | G28: =作业统计!AM30 -> 95 | H28: =作业统计!AP30 -> 80 | I28: =作业统计!BB30 -> 80 | J28: =AVERAGE(C28:I28) -> 93.571429
A29: =作业统计!B31 -> 2022210380 | B29: =作业统计!A31 -> 任奕凯 | C29: =作业统计!F31 -> 100 | D29: =作业统计!O31 -> 80 | E29: =作业统计!X31 -> 70 | F29: =作业统计!AG31 -> 100 | G29: =作业统计!AM31 -> 80 | H29: =作业统计!AP31 -> 80 | I29: =作业统计!BB31 -> 70 | J29: =AVERAGE(C29:I29) -> 82.857143
A30: =作业统计!B32 -> 2022210381 | B30: =作业统计!A32 -> 阮珧 | C30: =作业统计!F32 -> 80 | D30: =作业统计!O32 -> 80 | E30: =作业统计!X32 -> 80 | F30: =作业统计!AG32 -> 80 | G30: =作业统计!AM32 -> 60 | H30: =作业统计!AP32 -> 80 | I30: =作业统计!BB32 -> 60 | J30: =AVERAGE(C30:I30) -> 74.285714
A31: =作业统计!B33 -> 2022210384 | B31: =作业统计!A33 -> 孙嘉婧 | C31: =作业统计!F33 -> 80 | D31: =作业统计!O33 -> 70 | E31: =作业统计!X33 -> 80 | F31: =作业统计!AG33 -> 100 | G31: =作业统计!AM33 -> 80 | H31: =作业统计!AP33 -> 80 | I31: =作业统计!BB33 -> 70 | J31: =AVERAGE(C31:I31) -> 80
A32: =作业统计!B34 -> 2022210385 | B32: =作业统计!A34 -> 孙锦年 | C32: =作业统计!F34 -> 100 | D32: =作业统计!O34 -> 80 | E32: =作业统计!X34 -> 80 | F32: =作业统计!AG34 -> 80 | G32: =作业统计!AM34 -> 80 | H32: =作业统计!AP34 -> 80 | I32: =作业统计!BB34 -> 60 | J32: =AVERAGE(C32:I32) -> 80
A33: =作业统计!B35 -> 2022210387 | B33: =作业统计!A35 -> 唐蕊 | C33: =作业统计!F35 -> 90 | D33: =作业统计!O35 -> 80 | E33: =作业统计!X35 -> 80 | F33: =作业统计!AG35 -> 100 | G33: =作业统计!AM35 -> 90 | H33: =作业统计!AP35 -> 80 | I33: =作业统计!BB35 -> 70 | J33: =AVERAGE(C33:I33) -> 84.285714
A34: =作业统计!B36 -> 2022210389 | B34: =作业统计!A36 -> 汪海洋 | C34: =作业统计!F36 -> 100 | D34: =作业统计!O36 -> 60 | E34: =作业统计!X36 -> 90 | F34: =作业统计!AG36 -> 90 | G34: =作业统计!AM36 -> 80 | H34: =作业统计!AP36 -> 80 | I34: =作业统计!BB36 -> 70 | J34: =AVERAGE(C34:I34) -> 81.428571
... A42: =作业统计!B44 -> 2022210405 | B42: =作业统计!A44 -> 张金龙 | C42: =作业统计!F44 -> 100 | D42: =作业统计!O44 -> 90 | E42: =作业统计!X44 -> 80 | F42: =作业统计!AG44 -> 90 | G42: =作业统计!AM44 -> 80 | H42: =作业统计!AP44 -> 80 | I42: =作业统计!BB44 -> 70 | J42: =AVERAGE(C42:I42) -> 84.285714
A43: =作业统计!B45 -> 2022210407 | B43: =作业统计!A45 -> 张克 | C43: 0 | D43: 0 | E43: 0 | F43: 0 | G43: 0 | H43: 0 | I43: 0 | J43: 0
A44: =作业统计!B46 -> 2022210411 | B44: =作业统计!A46 -> 张文抱 | C44: =作业统计!F46 -> 100 | D44: =作业统计!O46 -> 80 | E44: =作业统计!X46 -> 90 | F44: =作业统计!AG46 -> 90 | G44: =作业统计!AM46 -> 90 | H44: =作业统计!AP46 -> 80 | I44: =作业统计!BB46 -> 80 | J44: =AVERAGE(C44:I44) -> 87.142857
A45: =作业统计!B47 -> 2022210414 | B45: =作业统计!A47 -> 张玉妍 | C45: =作业统计!F47 -> 100 | D45: =作业统计!O47 -> 95 | E45: =作业统计!X47 -> 80 | F45: =作业统计!AG47 -> 100 | G45: =作业统计!AM47 -> 70 | H45: =作业统计!AP47 -> 80 | I45: =作业统计!BB47 -> 70 | J45: =AVERAGE(C45:I45) -> 85
A46: =作业统计!B48 -> 2022210416 | B46: =作业统计!A48 -> 赵杰 | C46: =作业统计!F48 -> 80 | D46: =作业统计!O48 -> 90 | E46: =作业统计!X48 -> 70 | F46: =作业统计!AG48 -> 90 | G46: =作业统计!AM48 -> 70 | H46: =作业统计!AP48 -> 70 | I46: =作业统计!BB48 -> 60 | J46: =AVERAGE(C46:I46) -> 75.714286
A47: =作业统计!B49 -> 2022210417 | B47: =作业统计!A49 -> 郑存耀 | C47: =作业统计!F49 -> 100 | D47: =作业统计!O49 -> 60 | E47: =作业统计!X49 -> 100 | F47: =作业统计!AG49 -> 100 | G47: =作业统计!AM49 -> 80 | H47: =作业统计!AP49 -> 70 | I47: 0 | J47: =AVERAGE(C47:I47) -> 72.857143
